date,week,month,month_name,weekday,is_weekend,price_source,buy_mean_EUR_kWh,buy_max_EUR_kWh,v2g_max_EUR_kWh,A_cost_EUR,A_charge_EUR,C_cost_EUR,C_v2g_rev_EUR,C_charge_EUR,C_deg_EUR,C_v2g_kwh,C_saving_EUR,D_cost_EUR,D_v2g_rev_EUR,D_v2g_kwh,D_saving_EUR
2023-01-01,52,1,Jan,6,1,REAL SMARD 2023-01-01,0.016950000000000003,0.05557,0.18757000000000001,8.9381595424065,1.5425073684934527,7.652258897513641,0.0,0.941389332296246,6.710869565217395,0.0,1.2859006448928598,8.001662026098298,0.916023749207503,5.435052505087831,0.9364975163082025
2023-01-02,1,1,Jan,0,0,REAL SMARD 2023-01-02,0.12382,0.17474,0.30674,18.566428855603146,11.170776681690096,15.381434007450014,0.0,8.670564442232621,6.710869565217394,0.0,3.1849948481531314,15.898171955161226,3.3220000000000005,11.0,2.6682569004419197
2023-01-03,1,1,Jan,1,0,REAL SMARD 2023-01-03,0.14595458333333333,0.17118,0.30272,21.93537175573335,14.539719581820302,17.31581632901215,0.0,10.604946763794755,6.7108695652173935,0.0,4.619555426721199,17.496428121070995,0.0,0.0,4.438943634662355
2023-01-04,1,1,Jan,2,0,REAL SMARD 2023-01-04,0.058947916666666676,0.08616,0.21816000000000002,14.020946557194005,6.625294383280957,8.036943799804899,0.0032282473390187454,1.3270428388068045,6.713129208337112,0.0147976133985091,5.984002757389106,8.126716442542394,0.36860313599999966,1.6895999999999982,5.894230114651611
2023-01-05,1,1,Jan,3,0,REAL SMARD 2023-01-05,0.10760916666666666,0.19469999999999998,0.3267,16.357130065926533,8.961477892013486,13.348269739394702,3.8636970462770677,8.695162248356926,8.516804537314844,11.826437239905319,3.008860326531831,13.603664835329031,5.384550886277064,16.481637239905307,2.7534652305975023
2023-01-06,1,1,Jan,4,0,REAL SMARD 2023-01-06,0.11747333333333332,0.1635,0.2955,19.571835363398545,12.176183189485496,16.304037985643834,0.0,9.593168420426439,6.710869565217396,0.0,3.267797377754711,16.81827033197026,1.583615,5.5,2.753565031428284
2023-01-07,1,1,Jan,5,1,REAL SMARD 2023-01-07,0.08880874999999999,0.112,0.23152,16.40837883874287,9.012726664829822,12.849886762410012,0.0,6.13901719719262,6.710869565217393,0.0,3.5584920763328576,13.230596887372352,2.9914588139945413e-15,1.3073986337985844e-14,3.177781951370518
2023-01-08,1,1,Jan,6,1,REAL SMARD 2023-01-08,0.06894166666666666,0.12261,0.25461,13.719907370892273,6.324255196979224,11.317159873396545,0.0,4.606290308179151,6.710869565217394,0.0,2.402747497495728,11.691154242029192,0.0,0.0,2.0287531288630802
2023-01-09,2,1,Jan,0,0,REAL SMARD 2023-01-09,0.12929166666666667,0.18218,0.31418,18.95723492531137,11.56158275139832,14.790856496449727,0.0,8.079986931232334,6.710869565217394,0.0,4.166378428861641,15.327068592481695,3.38877,11.0,3.630166332829674
2023-01-10,2,1,Jan,1,0,REAL SMARD 2023-01-10,0.12313041666666664,0.16533,0.27834000000000003,19.082970125659173,11.687317951746124,14.248389231898916,0.0,7.537519666681523,6.710869565217393,0.0,4.834580893760258,14.810317298879902,2.741837380034319,10.061788550584657,4.272652826779272
2023-01-11,2,1,Jan,2,0,REAL SMARD 2023-01-11,0.08423541666666667,0.13288,0.26488,13.822582264753553,6.426930090840504,10.765137782574921,0.3952770709861752,4.2212458859224,6.939168967638698,1.4950530314541972,3.0574444821786315,11.123334260877748,2.793474333807365,10.71653846840319,2.6992480038758053
2023-01-12,2,1,Jan,3,0,REAL SMARD 2023-01-12,0.07078041666666667,0.11949,0.25149,12.932365363183212,5.536713189270163,9.66953891504797,2.1625614607246826,3.76788428917063,8.06421608660202,8.862593585200127,3.262826448135243,10.136221310983188,3.95505,16.5,2.796144052200024
2023-01-13,2,1,Jan,4,0,REAL SMARD 2023-01-13,0.06664208333333334,0.10595,0.22897,13.068974674670141,5.6733225007570915,10.328284281824297,0.0,3.6174147166069006,6.710869565217396,0.0,2.7406903928458437,11.091795818956884,3.713105,16.5,1.977178855713257
2023-01-14,2,1,Jan,5,1,REAL SMARD 2023-01-14,0.029344166666666668,0.055009999999999996,0.14569000000000001,10.092139394047653,2.696487220134605,7.7206864938643855,0.0,1.0098169286469945,6.710869565217391,0.0,2.371452900183267,8.173510793378805,0.77572,5.5,1.918628600668848
2023-01-15,2,1,Jan,6,1,REAL SMARD 2023-01-15,0.00936375,0.037469999999999996,0.15895,8.222371158321485,0.8267189844084358,7.070199624217915,0.0,0.3593300590005226,6.710869565217393,0.0,1.1521715341035694,7.236826116976129,0.0,0.0,0.9855450413453557
2023-01-16,3,1,Jan,0,0,REAL SMARD 2023-01-16,0.12874875,0.18599000000000002,0.30572,18.51270684133199,11.117054667418941,15.303252976811565,0.0,8.592383411594172,6.7108695652173935,0.0,3.209453864520425,15.546843765649882,1.643345,5.5,2.9658630756821083
2023-01-17,3,1,Jan,1,0,REAL SMARD 2023-01-17,0.1335666666666667,0.18883000000000003,0.32083000000000006,20.30313217979554,12.90748000588249,17.14654924723852,3.794275859678824,12.4240205696025,8.516804537314846,11.826437239905319,3.1565829325570185,17.350023360523114,6.12264156750476,19.15645431022195,2.953108819272426
2023-01-18,3,1,Jan,2,0,REAL SMARD 2023-01-18,0.14375625,0.18866999999999998,0.29664,21.426711038373615,14.031058864460565,18.391857633608474,0.0,11.680988068391079,6.710869565217394,0.0,3.0348534047651405,19.1179506,3.488249399999992,11.959999999999972,2.308760438373614
2023-01-19,3,1,Jan,3,0,REAL SMARD 2023-01-19,0.14821375,0.19873,0.33072999999999997,21.995171246919817,14.599519073006768,18.63825990324124,0.0,11.927390338023846,6.710869565217397,0.0,3.3569113436785756,19.155294428436733,5.388624999999999,16.5,2.8398768184830843
2023-01-20,3,1,Jan,4,0,REAL SMARD 2023-01-20,0.18065958333333332,0.23506,0.34040000000000004,24.839674783205254,17.444022609292205,21.098943710292332,0.0,14.388074145074938,6.710869565217393,0.0,3.740731072912922,21.494510722461538,1.826,5.5,3.3451640607437163
2023-01-21,3,1,Jan,5,1,REAL SMARD 2023-01-21,0.14439166666666667,0.17889,0.31089,22.292038993963512,14.896386820050463,19.01544752438629,0.0,12.304577959168894,6.710869565217394,0.0,3.276591469577223,19.445136988696323,3.3651199999999997,11.0,2.8469020052671894
2023-01-22,3,1,Jan,6,1,REAL SMARD 2023-01-22,0.15115083333333335,0.20207,0.33407,22.852554414802682,15.456902240889633,19.677049893382225,0.0,12.966180328164828,6.710869565217396,0.0,3.175504521420457,19.868853134537904,0.0,0.0,2.9837012802647784
2023-01-23,4,1,Jan,0,0,REAL SMARD 2023-01-23,0.20273416666666663,0.27022,0.3809,26.513979530689674,19.118327356776625,21.98058998842805,0.5694656996809038,15.610886720470257,6.939168967638697,1.4950530314541972,4.533389542261624,22.207302745393164,0.2138138226147763,0.5613384684031932,4.30667678529651
2023-01-24,4,1,Jan,1,0,REAL SMARD 2023-01-24,0.20269291666666667,0.25643,0.382,27.025020335062138,19.629368161149088,22.137296579006566,0.5711102580155033,15.769237869383375,6.939168967638698,1.4950530314541972,4.887723756055571,22.382334468948795,2.3493966580155,6.150253031454188,4.642685866113343
2023-01-25,4,1,Jan,2,0,REAL SMARD 2023-01-25,0.18174208333333333,0.22504,0.34062000000000003,25.143376932927403,17.747724759014353,21.429765700806442,0.0,14.718896135589048,6.7108695652173935,0.0,3.713611232120961,21.788963941311398,1.7970078292741312,5.3110915598467,3.3544129916160053
2023-01-26,4,1,Jan,3,0,REAL SMARD 2023-01-26,0.16766874999999995,0.20291,0.3182,24.172187798365144,16.776535624452094,20.18514974348395,0.0,13.474280178266557,6.7108695652173935,0.0,3.987038054881193,20.50909090230684,0.0,0.0,3.6630968960583026
2023-01-27,4,1,Jan,4,0,REAL SMARD 2023-01-27,0.16876124999999997,0.2007,0.3327,23.955323039554735,16.559670865641685,20.125366178629136,0.0,13.414496613411742,6.7108695652173935,0.0,3.8299568609255985,20.52077269151902,1.6300052385035277,4.938661531596812,3.434550348035714
2023-01-28,4,1,Jan,5,1,REAL SMARD 2023-01-28,0.14469875,0.17406,0.30606,22.297003462461905,14.901351288548856,19.30180468842696,0.0,12.590935123209563,6.710869565217395,0.0,2.9951987740349466,19.74635366440378,0.0,0.0,2.5506497980581244
2023-01-29,4,1,Jan,6,1,REAL SMARD 2023-01-29,0.12358791666666664,0.15613999999999997,0.28813999999999995,20.278678005939316,12.883025832026266,15.759998791702124,0.0,9.049129226484732,6.710869565217391,0.0,4.518679214237192,16.11547782714817,3.1695399999999996,11.0,4.163200178791147
2023-01-30,5,1,Jan,0,0,REAL SMARD 2023-01-30,0.07421375000000001,0.1155,0.23270000000000002,13.81778356187036,6.422131387957311,11.194328701010406,0.0,4.483459135793011,6.710869565217395,0.0,2.6234548608599546,11.510331356582222,0.0,0.0,2.307452205288138
2023-01-31,5,1,Jan,1,0,REAL SMARD 2023-01-31,0.11732166666666667,0.18297999999999998,0.24096,18.241293773071888,10.845641599158839,15.084038450775436,0.0,8.373168885558043,6.7108695652173935,0.0,3.157255322296452,15.231031549497066,0.0666644830009391,0.28346153159681564,3.0102622235748218
2023-02-01,5,2,Feb,2,0,REAL SMARD 2023-02-01,0.09307791666666665,0.12074,0.24358000000000002,16.530456853024187,9.134804679111138,13.75590080191385,0.0,7.045031236696456,6.710869565217394,0.0,2.7745560511103378,14.310497133822624,1.32616,5.5,2.2199597192015634
2023-02-02,5,2,Feb,3,0,REAL SMARD 2023-02-02,0.13614666666666667,0.18312,0.31512,19.7247943904716,12.329142216558552,15.936195187923506,0.0,9.225325622706112,6.7108695652173935,0.0,3.7885992025480952,16.276560025976615,1.8157083600773194,5.8667914998573885,3.4482343644949864
2023-02-03,5,2,Feb,4,0,REAL SMARD 2023-02-03,0.10261083333333332,0.11352,0.24552000000000002,18.29454593858827,10.898893764675222,15.683310026383106,0.0,8.97244046116571,6.710869565217395,0.0,2.6112359122051654,16.198090225792235,0.0,0.0,2.096455712796036
2023-02-04,5,2,Feb,5,1,REAL SMARD 2023-02-04,0.14601125,0.18416,0.31616,21.21596521675247,13.820313042839421,18.328796023205427,0.0,11.61792645798803,6.710869565217396,0.0,2.8871691935470416,18.77662516166342,0.0,0.0,2.4393400550890476
2023-02-05,5,2,Feb,6,1,REAL SMARD 2023-02-05,0.13136666666666666,0.17144,0.30344000000000004,21.45145415861225,14.055801984699201,17.97570031012577,0.0,11.264830744908377,6.710869565217394,0.0,3.4757538484864803,18.251920419365305,0.0,0.0,3.199533739246945
2023-02-06,6,2,Feb,0,0,REAL SMARD 2023-02-06,0.17296333333333327,0.2135,0.34550000000000003,24.145712739135288,16.75006056522224,21.064731771647214,0.0,14.35386220642982,6.710869565217394,0.0,3.080980967488074,21.53496395471856,0.0,0.0,2.610748784416728
2023-02-07,6,2,Feb,1,0,REAL SMARD 2023-02-07,0.1729225,0.24559999999999998,0.3776,24.123880560395882,16.728228386482833,20.688789971743855,0.0,13.97792040652646,6.710869565217396,0.0,3.4350905886520273,21.156799743288254,5.84529,16.5,2.967080817107629
2023-02-08,6,2,Feb,2,0,REAL SMARD 2023-02-08,0.15210458333333332,0.21619,0.32445,22.69663412560468,15.300981951691632,18.56434016898036,6.951779999999999,15.44577990433008,10.070340264650282,22.0,4.13229395662432,19.143978718803424,3.5918416334132486,11.839161471607483,3.5526554068012572
2023-02-09,6,2,Feb,3,0,REAL SMARD 2023-02-09,0.13254458333333333,0.17446,0.30525,20.553713578735767,13.158061404822718,17.373959795060067,4.592111471251691,12.957969337726077,9.00810192858568,15.043772223592763,3.1797537836757,17.59922737186902,4.99147,16.5,2.954486206866747
2023-02-10,6,2,Feb,4,0,REAL SMARD 2023-02-10,0.12592291666666666,0.19623,0.29093,19.614626980407724,12.218974806494677,15.429076097180637,4.530606654886515,10.870790309158638,9.088892442908515,15.5728410782199,4.185550883227087,15.861676473124643,3.2002300000000004,11.0,3.7529505072830815
2023-02-11,6,2,Feb,5,1,REAL SMARD 2023-02-11,0.10626791666666667,0.15394,0.28593999999999997,18.412385392636036,11.016733218722987,15.990503174288042,0.0,9.279633609070647,6.710869565217395,0.0,2.421882218347994,16.403921003370964,1.5726699999999998,5.5,2.0084643892650718
2023-02-12,6,2,Feb,6,1,REAL SMARD 2023-02-12,0.13630874999999998,0.16949,0.30149000000000004,21.30511058719574,13.909458413282689,18.319125803571183,0.0,11.608256238353787,6.710869565217396,0.0,2.9859847836245557,19.60808172201402,0.0,0.0,1.6970288651817178
2023-02-13,7,2,Feb,0,0,REAL SMARD 2023-02-13,0.16349625,0.22180000000000002,0.3538,22.959286782419756,15.563634608506707,19.91737686417099,0.0,13.206507298953593,6.710869565217396,0.0,3.0419099182487663,20.375138979804582,3.5206600000000003,11.0,2.584147802615174
2023-02-14,7,2,Feb,1,0,REAL SMARD 2023-02-14,0.15449291666666667,0.20698,0.33199,22.304114171035117,14.90846199712207,19.30385451392486,0.0,12.592984948707468,6.710869565217393,0.0,3.0002596571102558,19.64706486031788,0.0,0.0,2.6570493107172375
2023-02-15,7,2,Feb,2,0,REAL SMARD 2023-02-15,0.14352125000000002,0.18875999999999998,0.30552,21.339128332077127,13.943476158164078,18.371371022372248,0.0,11.660501457154856,6.710869565217393,0.0,2.9677573097048793,19.07111071422464,3.1988000000000008,11.0,2.268017617852486
2023-02-16,7,2,Feb,3,0,REAL SMARD 2023-02-16,0.13673125,0.17534,0.29891999999999996,20.51831142486119,13.12265925094814,17.673221709926814,0.0,10.962352144709417,6.710869565217396,0.0,2.8450897149343746,17.9638889168497,1.6390000000000002,5.5,2.5544225080114877
2023-02-17,7,2,Feb,4,0,REAL SMARD 2023-02-17,0.08114916666666666,0.12990000000000002,0.22253,15.677904153860062,8.282251979947015,10.558933944303327,2.671611603656733,4.594592567313667,8.635952980646392,12.606698771502138,5.1189702095567355,10.767290560240962,1.183909633672827,5.591006465668934,4.9106135936191
2023-02-18,7,2,Feb,5,1,REAL SMARD 2023-02-18,0.09467291666666666,0.14995,0.28195000000000003,15.353160219780843,7.957508045867794,13.190865063695234,0.0,6.479995498477839,6.710869565217396,0.0,2.1622951560856087,13.466225717814783,0.0,0.0,1.88693450196606
2023-02-19,7,2,Feb,6,1,REAL SMARD 2023-02-19,0.11405416666666668,0.15869999999999998,0.29069999999999996,19.105081226677036,11.709429052763989,15.861866200939918,0.0,9.150996635722521,6.710869565217396,0.0,3.2432150257371184,16.278938936107508,0.9007269505905354,3.298037239905296,2.8261422905695284
2023-02-20,8,2,Feb,0,0,REAL SMARD 2023-02-20,0.06141708333333334,0.11254,0.24454,13.82525327158461,6.429601097671563,10.198578995669457,0.0,3.4877094304520626,6.710869565217395,0.0,3.6266742759151533,10.5794947142364,0.0,0.0,3.2457585573482106
2023-02-21,8,2,Feb,1,0,REAL SMARD 2023-02-21,0.12244583333333332,0.17812999999999998,0.31013,17.98937505855469,10.59372288464164,15.383625564827272,0.0,8.672755999609873,6.710869565217399,0.0,2.6057494937274175,15.614902253867003,0.0,0.0,2.374472804687686
2023-02-22,8,2,Feb,2,0,REAL SMARD 2023-02-22,0.14864791666666669,0.17634,0.307,22.22073766242549,14.825085488512439,19.22590574984604,0.0,12.515036184628642,6.710869565217396,0.0,2.99483191257945,19.63113035443518,0.0,0.0,2.5896073079903097
2023-02-23,8,2,Feb,3,0,REAL SMARD 2023-02-23,0.14612041666666667,0.17808000000000002,0.29722000000000004,22.06696050777311,14.671308333860061,19.13320859850488,0.0,12.422339033287484,6.710869565217396,0.0,2.9337519092682314,19.44039262539101,0.0,0.0,2.6265678823821013
2023-02-24,8,2,Feb,4,0,REAL SMARD 2023-02-24,0.11830250000000002,0.15505000000000002,0.26841000000000004,19.559917553560506,12.164265379647459,16.010557015376484,0.0,9.299687450159094,6.710869565217388,0.0,3.549360538184022,16.40651162082646,0.0,0.0,3.153405932734046
2023-02-25,8,2,Feb,5,1,REAL SMARD 2023-02-25,0.08929041666666666,0.13648,0.26848,16.47363130330628,9.077979129393233,13.317416160993723,0.0,6.606546595776331,6.710869565217393,0.0,3.1562151423125577,13.815142666045908,1.4047,5.5,2.6584886372603727
2023-02-26,8,2,Feb,6,1,REAL SMARD 2023-02-26,0.10982208333333333,0.15691,0.28891,18.65053392322223,11.254881749309181,14.635074014173254,0.0,7.924204448955861,6.710869565217393,0.0,4.015459909048976,14.866021977237,0.0,0.0,3.78451194598523
2023-02-27,9,2,Feb,0,0,REAL SMARD 2023-02-27,0.15227458333333332,0.19815,0.33015,22.15824981632114,14.762597642408089,19.27803499243143,0.0,12.567165427214032,6.710869565217397,0.0,2.880214823889709,19.68156462983005,0.0,0.0,2.476685186491089
2023-02-28,9,2,Feb,1,0,REAL SMARD 2023-02-28,0.14804499999999998,0.19387000000000001,0.32587,21.81951513303027,14.42386295911722,18.76327945910006,0.0,12.052409893882665,6.710869565217393,0.0,3.0562356739302103,19.038387125627732,0.0,0.0,2.781128007402536
2023-03-01,9,3,Mar,2,0,REAL SMARD 2023-03-01,0.14296833333333334,0.18603,0.31569,21.302975570244737,13.907323396331687,18.251282543884475,0.0,11.540412978667083,6.710869565217393,0.0,3.0516930263602617,18.547427364881532,0.0,0.0,2.7555482053632048
2023-03-02,9,3,Mar,3,0,REAL SMARD 2023-03-02,0.14430666666666667,0.18491,0.31691,21.608369671206752,14.212717497293703,18.47595917020933,0.0,11.765089604991934,6.7108695652173935,0.0,3.1324105009974232,18.814848286355776,0.0,0.0,2.793521384850976
2023-03-03,9,3,Mar,4,0,REAL SMARD 2023-03-03,0.13676375000000002,0.19538999999999998,0.29700000000000004,20.822924677836546,13.427272503923497,17.356372731863498,1.3547136686659393,11.281871357405683,7.429215043123756,4.704193585200151,3.4665519459730483,17.797396401570435,1.8271755040000035,6.344800000000012,3.0255282762661118
2023-03-04,9,3,Mar,5,1,REAL SMARD 2023-03-04,0.10747166666666667,0.15166,0.28366,18.44006459128191,11.04441241736886,15.888444722660338,0.0,9.177575157442945,6.710869565217394,0.0,2.5516198686215716,16.576260557813324,3.465416032323634,12.981649360919356,1.8638040334685861
2023-03-05,9,3,Mar,6,1,REAL SMARD 2023-03-05,0.12178666666666667,0.17237,0.30437000000000003,20.003576113022596,12.607923939109549,17.45660942176157,0.0,10.745739856544173,6.710869565217396,0.0,2.5469666912610265,17.771118905495335,0.0,0.0,2.2324572075272613
2023-03-06,10,3,Mar,0,0,REAL SMARD 2023-03-06,0.15067291666666668,0.21709,0.31686000000000003,21.804831141686748,14.409178967773698,18.212536231257047,0.0,11.501666666039654,6.710869565217393,0.0,3.5922949104297004,18.565287699218597,1.617055,5.5,3.2395434424681504
2023-03-07,10,3,Mar,1,0,REAL SMARD 2023-03-07,0.10686791666666667,0.16408,0.29608,18.408752569891277,11.013100395978228,15.397196319727893,0.0,8.686326754510496,6.710869565217397,0.0,3.011556250163384,15.904348864250302,1.512335,5.5,2.504403705640975
2023-03-08,10,3,Mar,2,0,REAL SMARD 2023-03-08,0.13889041666666668,0.1731,0.30202,20.77528982257911,13.379637648666062,18.070977861231746,0.0,11.360108296014353,6.7108695652173935,0.0,2.704311961347365,18.50562527279967,1.567555,5.5,2.269664549779442
2023-03-09,10,3,Mar,3,0,REAL SMARD 2023-03-09,0.12719916666666664,0.15906,0.27922,19.870381172953717,12.474728999040668,17.439840517240835,0.0,10.72897095202344,6.710869565217395,0.0,2.430540655712882,18.62511100832658,1.1623595832367977,4.339591499857374,1.2452701646271365
2023-03-10,10,3,Mar,4,0,REAL SMARD 2023-03-10,0.11561375,0.14091,0.26748,18.74308923035693,11.34743705644388,16.04701127768918,0.0,9.336141712471786,6.710869565217393,0.0,2.69607795266775,16.526163817337473,1.43737,5.5,2.2169254130194567
2023-03-11,10,3,Mar,5,1,REAL SMARD 2023-03-11,0.09860500000000001,0.145,0.277,16.616970745328718,9.221318571415669,13.873423099795861,0.0,7.162553534578467,6.710869565217395,0.0,2.743547645532857,15.013932374459245,0.0,0.0,1.6030383708694735
2023-03-12,10,3,Mar,6,1,REAL SMARD 2023-03-12,0.09553249999999998,0.14104,0.27304,17.707472684637004,10.311820510723956,13.955841004793472,0.0,7.244971439576079,6.710869565217393,0.0,3.7516316798435323,14.369563005992285,0.7986474517923072,3.428995971801585,3.337909678644719
2023-03-13,11,3,Mar,0,0,REAL SMARD 2023-03-13,0.037255416666666666,0.095,0.227,10.617164591466903,3.2215124175538543,7.293932580247542,0.6356329832928599,0.6950772939711525,7.234488269569249,3.428995971801585,3.3232320112193605,7.5178139164437345,1.019535,5.5,3.0993506750231683
2023-03-14,11,3,Mar,1,0,REAL SMARD 2023-03-14,0.07147958333333333,0.15221,0.28421,13.063901530707176,5.668249356794127,10.59704301658784,0.0,3.8861734513704445,6.710869565217396,0.0,2.4668585141193358,10.99073425913324,0.0,0.0,2.0731672715739347
2023-03-15,11,3,Mar,2,0,REAL SMARD 2023-03-15,0.12772458333333334,0.19928,0.33128,19.461664989737056,12.066012815824006,16.457245684399066,0.0,9.746376119181674,6.710869565217393,0.0,3.00441930533799,17.000434283968097,0.0,0.0,2.4612307057689584
2023-03-16,11,3,Mar,3,0,REAL SMARD 2023-03-16,0.10557458333333332,0.14235,0.26385000000000003,18.028093624359997,10.632441450446949,14.650523362184867,0.0,7.939653796967475,6.710869565217393,0.0,3.37757026217513,14.87511983688278,0.8356389713990098,3.3263234272709568,3.152973787477217
2023-03-17,11,3,Mar,4,0,REAL SMARD 2023-03-17,0.09234749999999999,0.13436,0.26636000000000004,15.593787693645105,8.198135519732057,13.534959974195838,0.0,6.824090408978441,6.710869565217396,0.0,2.0588277194492672,13.746875928432129,0.0,0.0,1.846911765212976
2023-03-18,11,3,Mar,5,1,REAL SMARD 2023-03-18,0.10933750000000002,0.16954,0.30154000000000003,18.538312240547018,11.142660066633969,15.591071589248688,0.0,8.880202024031295,6.710869565217393,0.0,2.94724065129833,15.986118830959434,0.0,0.0,2.5521934095875842
2023-03-19,11,3,Mar,6,1,REAL SMARD 2023-03-19,0.11199208333333333,0.15291,0.28491,19.165111289646013,11.769459115732964,16.562670517569586,0.0,9.851800952352194,6.710869565217393,0.0,2.6024407720764273,16.857255123212873,0.0,0.0,2.3078561664331403
2023-03-20,12,3,Mar,0,0,REAL SMARD 2023-03-20,0.12517291666666666,0.16547,0.29747,19.92551456309045,12.5298623891774,16.89356032207369,0.0,10.182690756856298,6.710869565217393,0.0,3.0319542410167593,17.10162388945833,0.0,0.0,2.8238906736321177
2023-03-21,12,3,Mar,1,0,REAL SMARD 2023-03-21,0.1150525,0.14549,0.27529000000000003,18.899377838280746,11.503725664367696,16.156371554545384,0.0,9.445501989327992,6.710869565217393,0.0,2.7430062837353617,16.430309002137836,0.0,0.0,2.4690688361429096
2023-03-22,12,3,Mar,2,0,REAL SMARD 2023-03-22,0.08017791666666667,0.13985,0.27185000000000004,15.01710141639624,7.621449242483193,10.994566786715753,0.0,4.283697221498359,6.7108695652173935,0.0,4.022534629680488,11.272521924389201,0.516198648651288,2.2190639181982976,3.7445794920070394
2023-03-23,12,3,Mar,3,0,REAL SMARD 2023-03-23,0.07470958333333333,0.14438,0.27638,14.557043667008116,7.161391493095067,11.192554595041754,0.0,4.481685029824359,6.710869565217395,0.0,3.3644890719663625,11.745730245190384,4.148925,16.5,2.811313421817733
2023-03-24,12,3,Mar,4,0,REAL SMARD 2023-03-24,0.053115833333333334,0.11623,0.24823,12.266371513817347,4.8707193399043,8.625232964943434,0.0,1.9143633997260412,6.710869565217393,0.0,3.641138548873913,9.084806505956468,0.0,0.0,3.181565007860879
2023-03-25,12,3,Mar,5,1,REAL SMARD 2023-03-25,0.015855416666666667,0.07704000000000001,0.20904,8.837155088101596,1.4415029141885487,7.346626938695534,0.0,0.6357573734781422,6.710869565217392,0.0,1.490528149406062,7.490981020844026,0.29812272974366383,1.912268952813751,1.3461740672575706
2023-03-26,12,3,Mar,6,1,REAL SMARD 2023-03-26,0.07162458333333334,0.11785999999999999,0.24986,13.826820080611048,6.431167906698,11.859723414342158,0.0,5.1488538491247615,6.710869565217396,0.0,1.9670966662688905,12.054394460132837,0.0,0.0,1.7724256204782112
2023-03-27,13,3,Mar,0,0,REAL SMARD 2023-03-27,0.09231833333333334,0.15131,0.25638,16.39194677727726,8.996294603364209,12.347610319653736,0.0,5.636740754436344,6.710869565217393,0.0,4.044336457623523,12.75225592513718,0.3946349437921738,1.912268952813751,3.6396908521400793
2023-03-28,13,3,Mar,1,0,REAL SMARD 2023-03-28,0.11315125,0.161,0.29298,17.743204428583436,10.347552254670386,15.423774916195573,0.0,8.712905350978176,6.710869565217396,0.0,2.319429512387863,15.841821149779097,0.2388721609350744,0.9928598899998935,1.9013832788043388
2023-03-29,13,3,Mar,2,0,REAL SMARD 2023-03-29,0.11653916666666668,0.152,0.28187,18.462443614319838,11.066791440406789,16.077392130836984,0.0,9.366522565619588,6.710869565217396,0.0,2.3850514834828545,16.480582775441754,0.0,0.0,1.9818608388780845
2023-03-30,13,3,Mar,3,0,REAL SMARD 2023-03-30,0.08144083333333334,0.1293,0.252,15.416987393676607,8.021335219763557,10.185247695950164,0.0,3.4743781307327715,6.710869565217393,0.0,5.231739697726443,10.33244654662299,0.0,0.0,5.084540847053617
2023-03-31,13,3,Mar,4,0,REAL SMARD 2023-03-31,0.09759374999999999,0.13763999999999998,0.24756,16.24101275162724,8.845360577714189,13.425328714742353,0.0,6.71445914952496,6.7108695652173935,0.0,2.8156840368848854,13.978697565573338,1.033073112625115,4.386536081801686,2.2623151860539004
2023-04-01,13,4,Apr,5,1,REAL SMARD 2023-04-01,0.05576583333333334,0.09089,0.22289,13.78268756084847,6.3870353869354215,10.564219896158399,0.0,3.853350330941004,6.710869565217395,0.0,3.2184676646900705,10.73427100280044,0.0,0.0,3.0484165580480287
2023-04-02,13,4,Apr,6,1,REAL SMARD 2023-04-02,0.06733083333333333,0.1315,0.262,14.372711639672335,6.977059465759286,10.309903398232622,0.0,3.599033833015229,6.710869565217393,0.0,4.062808241439713,10.749275764578428,0.3210345257377129,1.9593196566232098,3.6234358750939073
2023-04-03,14,4,Apr,0,0,REAL SMARD 2023-04-03,0.11479791666666667,0.16754,0.29011,18.622353154249932,11.226700980336883,14.827336444080597,0.0,8.116466878863204,6.710869565217393,0.0,3.7950167101693353,15.296961860791132,0.0,0.0,3.3253912934588
2023-04-04,14,4,Apr,1,0,REAL SMARD 2023-04-04,0.13206958333333332,0.18037999999999998,0.312,20.10695243226706,12.711300258354013,17.466333808124695,0.0,10.755464242907301,6.710869565217393,0.0,2.640618624142366,17.834506896389417,0.0,0.0,2.272445535877644
2023-04-05,14,4,Apr,2,0,REAL SMARD 2023-04-05,0.14097166666666666,0.20792,0.33156,21.129068431870714,13.733416257957664,18.107403070140226,0.0,11.396533504922834,6.710869565217392,0.0,3.021665361730488,18.42713604966077,0.0,0.0,2.701932382209943
2023-04-06,14,4,Apr,3,0,REAL SMARD 2023-04-06,0.12428458333333332,0.16163,0.28200000000000003,20.17991088823374,12.784258714320691,16.90155697502209,0.0,10.190687409804696,6.7108695652173935,0.0,3.2783539132116495,17.18791996887891,0.0,0.0,2.99199091935483
2023-04-07,14,4,Apr,4,0,REAL SMARD 2023-04-07,0.10863041666666666,0.13855,0.27055,18.57343167597038,11.17777950205733,15.97793831835913,0.0,9.267068753141736,6.710869565217393,0.0,2.59549335761125,16.29421364831022,0.0,0.0,2.2792180276601606
2023-04-08,14,4,Apr,5,1,REAL SMARD 2023-04-08,0.11689416666666667,0.13977,0.26700999999999997,19.664876225662624,12.269224051749575,16.550995647905005,0.0,9.840126082687613,6.710869565217393,0.0,3.1138805777576195,16.90351739904652,0.0,0.0,2.761358826616103
2023-04-09,14,4,Apr,6,1,REAL SMARD 2023-04-09,0.1050475,0.13346,0.26197000000000004,18.63967828059347,11.244026106680419,13.740898584571013,0.0,7.030029019353622,6.710869565217393,0.0,4.898779696022455,13.963769396789662,0.0,0.0,4.675908883803807
2023-04-10,15,4,Apr,0,0,REAL SMARD 2023-04-10,0.04115958333333333,0.09820999999999999,0.19754,12.11873869067075,4.7230865167577,7.514435230728541,0.0,0.803565665511148,6.710869565217393,0.0,4.604303459942209,7.84273023072854,0.0,0.0,4.27600845994221
2023-04-11,15,4,Apr,1,0,REAL SMARD 2023-04-11,0.06016958333333333,0.16538,0.29446000000000006,11.26524182186137,3.8695896479483203,8.68020403562662,0.0,1.969334470409227,6.710869565217393,0.0,2.58503778623475,8.999806536383907,0.21267058843797718,0.9928598899998935,2.265435285477462
2023-04-12,15,4,Apr,2,0,REAL SMARD 2023-04-12,0.10769250000000001,0.145,0.277,17.979558558459637,10.583906384546589,15.238805005888665,0.0,8.527935440671268,6.710869565217396,0.0,2.740753552570972,15.449268371153092,0.0,0.0,2.5302901873065444
2023-04-13,15,4,Apr,3,0,REAL SMARD 2023-04-13,0.10841374999999999,0.18093,0.30344000000000004,18.569152706956103,11.173500533043054,15.249542061542599,0.0,8.538672496325201,6.710869565217397,0.0,3.319610645413505,15.677350139438403,0.0,0.0,2.8918025675177006
2023-04-14,15,4,Apr,4,0,REAL SMARD 2023-04-14,0.12879583333333336,0.17611000000000002,0.28369,20.098766398790335,12.703114224877288,17.171320532109252,0.0,10.460450966891859,6.710869565217393,0.0,2.927445866681083,17.35533032336158,0.0,0.0,2.743436075428754
2023-04-15,15,4,Apr,5,1,REAL SMARD 2023-04-15,0.1067970833333333,0.13451,0.26478999999999997,18.98974399378706,11.59409181987401,15.52795270419372,0.0,8.817083138976328,6.710869565217393,0.0,3.4617912895933394,15.917249020589779,0.6504576989987152,2.81815215544697,3.07249497319728
2023-04-16,15,4,Apr,6,1,REAL SMARD 2023-04-16,0.11009958333333332,0.14,0.26488,19.06298352879143,11.667331354878382,16.345580768357664,0.0,9.634711203140274,6.710869565217392,0.0,2.7174027604337674,16.727205759044818,0.0,0.0,2.3357777697466133
2023-04-17,16,4,Apr,0,0,REAL SMARD 2023-04-17,0.12423583333333332,0.20051,0.27561,19.35508014586519,11.959427971952142,16.356770328231953,0.0,9.645900763014563,6.710869565217392,0.0,2.9983098176332383,16.715985775296055,0.0,0.0,2.6390943705691363
2023-04-18,16,4,Apr,1,0,REAL SMARD 2023-04-18,0.10822541666666667,0.15488,0.26246,18.167393420677776,10.771741246764726,15.004404465451435,0.0,8.293534900234043,6.710869565217392,0.0,3.162988955226341,15.37569879387199,0.0,0.0,2.7916946268057856
2023-04-19,16,4,Apr,2,0,REAL SMARD 2023-04-19,0.08755374999999999,0.13928000000000001,0.25168999999999997,15.88175741254668,8.48610523863363,9.76663307698729,0.0,3.055763511769897,6.710869565217393,0.0,6.11512433555939,10.101920364144245,0.0,0.0,5.779837048402435
2023-04-20,16,4,Apr,3,0,REAL SMARD 2023-04-20,0.11170625,0.14645,0.2741,18.36812733344451,10.97247515953146,15.578581130602327,0.0,8.867711565384933,6.710869565217393,0.0,2.789546202842182,15.848518507224593,0.0,0.0,2.5196088262199154
2023-04-21,16,4,Apr,4,0,REAL SMARD 2023-04-21,0.0895525,0.14388,0.27257,15.861464485571009,8.465812311657961,9.85100782930795,0.0,3.1401382640905573,6.710869565217392,0.0,6.0104566562630595,10.135921378142166,0.6268735152666973,2.8228644808695336,5.725543107428843
2023-04-22,16,4,Apr,5,1,REAL SMARD 2023-04-22,0.08446708333333335,0.13184,0.26384,16.124641972334757,8.72898979842171,10.629213286992021,0.0,3.918343721774628,6.710869565217393,0.0,5.495428685342736,11.050615885265314,1.1477400000000002,5.5,5.074026087069443
2023-04-23,16,4,Apr,6,1,REAL SMARD 2023-04-23,0.08580083333333333,0.13813999999999999,0.27014,16.411417514688537,9.015765340775488,10.802289729520993,0.0,4.0914201643036,6.710869565217393,0.0,5.609127785167544,11.137981902487306,0.11324772906900657,0.5773526845220829,5.273435612201231
2023-04-24,17,4,Apr,0,0,REAL SMARD 2023-04-24,0.10460333333333334,0.13597,0.26657,17.674669040055612,10.279016866142562,14.735778684243726,0.0,8.02490911902633,6.710869565217396,0.0,2.9388903558118855,15.125521214638695,0.0,0.0,2.5491478254169166
2023-04-25,17,4,Apr,1,0,REAL SMARD 2023-04-25,0.10099625,0.14416,0.26412,17.57715209408645,10.181499920173401,13.987903260614209,0.0,7.277033695396816,6.710869565217393,0.0,3.589248833472242,14.120827005477711,0.0,0.0,3.4563250886087395
2023-04-26,17,4,Apr,2,0,REAL SMARD 2023-04-26,0.11072083333333334,0.15497,0.28011,18.587905269225143,11.192253095312093,16.106457699437485,0.0,9.395588134220091,6.710869565217395,0.0,2.481447569787658,16.2018783944065,0.0,0.0,2.3860268748186435
2023-04-27,17,4,Apr,3,0,REAL SMARD 2023-04-27,0.11208583333333333,0.16357,0.28585,18.760018806755042,11.364366632841993,15.778073065362307,0.0,9.067203500144913,6.710869565217393,0.0,2.9819457413927353,16.6610602848222,0.0,0.0,2.0989585219328433
2023-04-28,17,4,Apr,4,0,REAL SMARD 2023-04-28,0.10600333333333334,0.12681,0.25204000000000004,18.224964330285978,10.829312156372929,15.591455188708546,0.0,8.880585623491152,6.7108695652173935,0.0,2.6335091415774325,16.128757155529474,0.0,0.0,2.096207174756504
2023-04-29,17,4,Apr,5,1,REAL SMARD 2023-04-29,0.10064625,0.12,0.25036,18.16305380648954,10.767401632576492,14.474225624560487,0.0,7.763356059343095,6.710869565217393,0.0,3.6888281819290523,14.987584925023818,0.0,0.0,3.175468881465722
2023-04-30,17,4,Apr,6,1,REAL SMARD 2023-04-30,0.06886833333333332,0.12359999999999999,0.25316,15.077292018316715,7.6816398444036675,9.497581138748853,0.0,2.78671157353146,6.710869565217393,0.0,5.5797108795678625,9.703389436789504,0.0,0.0,5.3739025815272115
2023-05-01,18,5,May,0,0,REAL SMARD 2023-05-01,0.08754916666666666,0.1258,0.25664,17.02688255428058,9.63123038036753,12.119515685439747,0.0,5.408646120222356,6.710869565217393,0.0,4.907366868840832,12.159885685439747,0.0,0.0,4.8669968688408325
2023-05-02,18,5,May,1,0,REAL SMARD 2023-05-02,0.10610125,0.14286000000000001,0.262,18.031610219427385,10.635958045514336,15.103185659908558,0.0,8.39231609469116,6.710869565217396,0.0,2.9284245595188274,15.33754743025851,0.0,0.0,2.694062789168875
2023-05-03,18,5,May,2,0,REAL SMARD 2023-05-03,0.10779875000000001,0.17158,0.27208,18.229125629155924,10.833473455242874,14.83620055941854,0.0,8.125330994201148,6.710869565217392,0.0,3.392925069737384,15.372177127353524,0.0,0.0,2.8569485018023997
2023-05-04,18,5,May,3,0,REAL SMARD 2023-05-04,0.09749958333333335,0.13,0.25401,17.18675013286921,9.791097958956163,13.55522615108567,0.0,6.844356585868278,6.710869565217392,0.0,3.631523981783541,13.80022011670618,0.0,0.0,3.3865300161630305
2023-05-05,18,5,May,4,0,REAL SMARD 2023-05-05,0.09605000000000001,0.12857,0.25254,17.245009221232195,9.849357047319145,14.69994033863399,0.0,7.989070773416594,6.710869565217395,0.0,2.545068882598205,15.003323800500148,0.0,0.0,2.241685420732047
2023-05-06,18,5,May,5,1,REAL SMARD 2023-05-06,0.08952458333333334,0.11181,0.24004999999999999,17.103369599409778,9.707717425496728,13.176944429326465,0.0,6.466074864109072,6.710869565217393,0.0,3.926425170083313,13.474404569352458,0.2207127535469763,0.9928598899998935,3.6289650300573193
2023-05-07,18,5,May,6,1,REAL SMARD 2023-05-07,0.06715166666666667,0.10645,0.23136,14.689587149923462,7.293934976010414,9.557346820304058,0.0,2.846477255086665,6.710869565217393,0.0,5.132240329619403,10.057983579956236,0.0,0.0,4.6316035699672256
2023-05-08,19,5,May,0,0,REAL SMARD 2023-05-08,0.09637250000000001,0.13290000000000002,0.2649,17.047004701420015,9.651352527506967,14.481047974544413,0.0,7.770178409327022,6.710869565217393,0.0,2.5659567268756014,14.791993551587016,0.0,0.0,2.255011149832999
2023-05-09,19,5,May,1,0,REAL SMARD 2023-05-09,0.09463791666666667,0.12193000000000001,0.25393,16.853700732926598,9.458048559013548,13.732007398901086,0.0,7.021137833683694,6.710869565217393,0.0,3.1216933340255117,14.190485525785444,0.4437611331899591,1.912268952813751,2.6632152071411532
2023-05-10,19,5,May,2,0,REAL SMARD 2023-05-10,0.10789375000000001,0.14749,0.27238,18.262353913451516,10.866701739538467,15.719387530723946,0.0,9.00851796550655,6.710869565217395,0.0,2.5429663827275704,15.984169052178324,0.0,0.0,2.2781848612731928
2023-05-11,19,5,May,3,0,REAL SMARD 2023-05-11,0.11613541666666667,0.16778,0.279,18.523039435900074,11.127387261987026,16.207687344714365,0.0,9.496817779496968,6.710869565217397,0.0,2.3153520911857086,16.48443909011094,0.0,0.0,2.038600345789135
2023-05-12,19,5,May,4,0,REAL SMARD 2023-05-12,0.10050625,0.13798,0.25422,17.409082156720682,10.013429982807633,14.499856009797753,0.0,7.788986444580361,6.710869565217393,0.0,2.9092261469229292,15.12931562350196,0.6100033349711608,2.8646723723638616,2.279766533218723
2023-05-13,19,5,May,5,1,REAL SMARD 2023-05-13,0.07835333333333333,0.11932,0.24312,15.637387967747017,8.241735793833968,9.958360955780243,0.0,3.2474913905628524,6.710869565217392,0.0,5.679027011966774,10.167783893493084,0.0,0.0,5.469604074253933
2023-05-14,19,5,May,6,1,REAL SMARD 2023-05-14,0.07203749999999999,0.12799,0.248,15.677565057660171,8.281912883747122,9.665317446882026,0.0,2.954447881664634,6.710869565217393,0.0,6.012247610778145,9.874210629705217,0.32556517350544084,1.9816493609193553,5.803354427954954
2023-05-15,20,5,May,0,0,REAL SMARD 2023-05-15,0.11384041666666667,0.16879,0.25698,18.871851091265825,11.476198917352775,15.578612338176182,0.0,8.867742772958788,6.710869565217393,0.0,3.2932387530896428,15.83145181239798,0.0,0.0,3.040399278867845
2023-05-16,20,5,May,1,0,REAL SMARD 2023-05-16,0.07929541666666666,0.11954000000000001,0.237,15.274130804439398,7.878478630526349,10.870392078373367,0.0,4.159522513155975,6.710869565217392,0.0,4.403738726066031,11.168433135249776,0.581510083059124,2.8228644808695336,4.105697669189622
2023-05-17,20,5,May,2,0,REAL SMARD 2023-05-17,0.07858375,0.1335,0.25159,14.961027219254365,7.565375045341316,10.124367037187294,0.0,3.4134974719699023,6.710869565217392,0.0,4.836660182067071,10.621534280747262,1.5829102236867771,8.329907734552926,4.339492938507103
2023-05-18,20,5,May,3,0,REAL SMARD 2023-05-18,0.08673416666666667,0.12587,0.24753000000000003,16.757611482884577,9.361959308971528,12.142035779839336,0.0,5.431166214621943,6.710869565217393,0.0,4.615575703045241,12.680865618734334,0.0,0.0,4.076745864150244
2023-05-19,20,5,May,4,0,REAL SMARD 2023-05-19,0.08728458333333333,0.11629,0.24829,16.272848266935092,8.877196093022045,13.086303850936737,0.0,6.375434285719345,6.710869565217393,0.0,3.1865444159983554,13.39293755108032,0.0,0.0,2.8799107158547717
2023-05-20,20,5,May,5,1,REAL SMARD 2023-05-20,0.047122083333333335,0.08769,0.21044000000000002,12.960830196851532,5.565178022938483,8.523511212852654,0.0,1.8126416476352607,6.710869565217393,0.0,4.437318983998878,8.619753038705102,0.0,0.0,4.34107715814643
2023-05-21,20,5,May,6,1,REAL SMARD 2023-05-21,0.03270541666666667,0.091,0.21749000000000002,11.625708028984942,4.2300558550718925,8.215405074864591,0.0,1.5045355096471995,6.710869565217393,0.0,3.4103029541203504,8.269777390150374,0.0,0.0,3.355930638834568
2023-05-22,21,5,May,0,0,REAL SMARD 2023-05-22,0.09733125000000002,0.15857,0.27626,16.857954584065215,9.462302410152166,13.958085400962787,0.0,7.247215835745394,6.710869565217393,0.0,2.899869183102428,14.959510313807414,0.0,0.0,1.8984442702578015
2023-05-23,21,5,May,1,0,REAL SMARD 2023-05-23,0.07278541666666666,0.10539,0.22727,14.890619162610513,7.494966988697463,9.609991060699123,0.0,2.8991214954817304,6.710869565217393,0.0,5.28062810191139,10.028919870765842,0.0,0.0,4.861699291844671
2023-05-24,21,5,May,2,0,REAL SMARD 2023-05-24,0.10227333333333333,0.18268,0.30256,17.5302683990336,10.13461622512055,14.602653650311737,0.0,7.891784085094341,6.710869565217396,0.0,2.9276147487218616,14.860513848321553,0.0,0.0,2.669754550712046
2023-05-25,21,5,May,3,0,REAL SMARD 2023-05-25,0.08165,0.1248,0.24264000000000002,15.828125582486692,8.432473408573642,10.405612436282887,0.0,3.694742871065497,6.710869565217391,0.0,5.422513146203805,10.649254662937167,0.0,0.0,5.178870919549524
2023-05-26,21,5,May,4,0,REAL SMARD 2023-05-26,0.07006583333333334,0.11562,0.24281999999999998,14.501108383984402,7.105456210071354,9.191423159705108,0.0,2.480553594487716,6.710869565217393,0.0,5.309685224279294,9.331142038221909,0.0,0.0,5.169966345762493
2023-05-27,21,5,May,5,1,REAL SMARD 2023-05-27,0.06316791666666666,0.12493000000000001,0.23238,14.370543486450881,6.9748913125378325,9.160517994939326,0.0,2.4496484297219325,6.710869565217393,0.0,5.210025491511555,9.203605858940445,0.0,0.0,5.1669376275104355
2023-05-28,21,5,May,6,1,REAL SMARD 2023-05-28,0.045534166666666674,0.08709,0.20490000000000003,13.230684814502371,5.835032640589322,8.468244356634807,0.0,1.7573747914174143,6.710869565217393,0.0,4.762440457867564,8.519719678181449,0.0,0.0,4.710965136320922
2023-05-29,22,5,May,0,0,REAL SMARD 2023-05-29,0.03801125,0.08588,0.20408,12.102751180762958,4.707099006849909,8.291954472046323,0.0,1.5810849068289297,6.710869565217393,0.0,3.8107967087166355,8.381501819591007,0.0,0.0,3.7212493611719513
2023-05-30,22,5,May,1,0,REAL SMARD 2023-05-30,0.08773875000000002,0.15456,0.2569,15.973268763122714,8.577616589209665,13.05476538240944,0.0,6.343895817192049,6.710869565217392,0.0,2.9185033807132736,13.56676379000459,0.0,0.0,2.4065049731181247
2023-05-31,22,5,May,2,0,REAL SMARD 2023-05-31,0.07248416666666667,0.1196,0.24026000000000003,14.325810398029539,6.930158224116491,9.079022600949138,0.0,2.368153035731746,6.710869565217393,0.0,5.246787797080401,9.53079518107906,0.20001162484047857,0.9928598899998935,4.795015216950478
2023-06-01,22,6,Jun,3,0,REAL SMARD 2023-06-01,0.07290041666666666,0.12004000000000001,0.23246,14.726396096582185,7.330743922669137,9.735077358665535,0.0,3.024207793448143,6.710869565217393,0.0,4.99131873791665,10.13988878091724,0.0,0.0,4.586507315664946
2023-06-02,22,6,Jun,4,0,REAL SMARD 2023-06-02,0.08101666666666668,0.12558,0.23312,15.523674015762538,8.12802184184949,11.897036355060742,0.0,5.186166789843348,6.710869565217393,0.0,3.626637660701796,12.13583929908625,0.0,0.0,3.387834716676288
2023-06-03,22,6,Jun,5,1,REAL SMARD 2023-06-03,0.05688208333333333,0.09490000000000001,0.21696,13.711132374914335,6.315480201001288,8.871588354050159,0.0,2.160718788832767,6.710869565217393,0.0,4.839544020864176,9.2438106271916,0.0,0.0,4.467321747722735
2023-06-04,22,6,Jun,6,1,REAL SMARD 2023-06-04,0.0530525,0.10979000000000001,0.23094,13.599487510979529,6.203835337066481,8.821049484343312,0.0,2.11017991912592,6.710869565217393,0.0,4.778438026636216,9.20745936378329,0.46922233388192053,2.81815215544697,4.392028147196239
2023-06-05,23,6,Jun,0,0,REAL SMARD 2023-06-05,0.09075708333333332,0.15737,0.26735,16.378803330418826,8.983151156505777,13.73321315363211,0.0,7.022343588414719,6.710869565217393,0.0,2.6455901767867154,14.120858488778664,0.0,0.0,2.257944841640162
2023-06-06,23,6,Jun,1,0,REAL SMARD 2023-06-06,0.09813916666666667,0.15328,0.26617,16.80749684373377,9.41184466982072,14.144362101602272,0.0,7.43349253638488,6.710869565217392,0.0,2.663134742131497,14.67271109024526,0.6106622096168045,2.8646723723638616,2.1347857534885097
2023-06-07,23,6,Jun,2,0,REAL SMARD 2023-06-07,0.10093083333333334,0.1477,0.27052,17.447120896986295,10.051468723073246,14.604613026925108,0.0,7.8937434617077145,6.710869565217393,0.0,2.842507870061187,14.82379695522703,0.0,0.0,2.6233239417592653
2023-06-08,23,6,Jun,3,0,REAL SMARD 2023-06-08,0.08451791666666668,0.11384,0.23403000000000002,16.413048764597267,9.01739659068422,13.477158906825295,0.0,6.766289341607903,6.710869565217393,0.0,2.935889857771972,13.709802996879228,0.38851568314316987,1.912268952813751,2.7032457677180393
2023-06-09,23,6,Jun,4,0,REAL SMARD 2023-06-09,0.08668374999999999,0.10645,0.23612,16.524128012514243,9.128475838601194,13.4916132042773,0.0,6.7807436390599065,6.710869565217393,0.0,3.032514808236943,13.79831845183994,0.0,0.0,2.7258095606743034
2023-06-10,23,6,Jun,5,1,REAL SMARD 2023-06-10,0.05716416666666666,0.08903,0.21816000000000002,13.536912055427859,6.141259881514811,8.719250016221372,0.0,2.0083804510039798,6.710869565217392,0.0,4.817662039206487,8.928817488580467,0.49823558087347264,2.8228644808695336,4.608094566847392
2023-06-11,23,6,Jun,6,1,REAL SMARD 2023-06-11,0.04529875,0.10695,0.23191,12.807720164951355,5.412067991038307,8.61408173767236,0.0,1.9032121724549675,6.710869565217392,0.0,4.193638427278996,8.888515135849076,0.87956,5.5,3.9192050291022795
2023-06-12,24,6,Jun,0,0,REAL SMARD 2023-06-12,0.09639875000000002,0.14289,0.26504,16.868350804450913,9.472698630537863,13.753220659807376,0.0,7.042351094589982,6.710869565217393,0.0,3.115130144643537,14.224803743893037,0.0,0.0,2.643547060557875
2023-06-13,24,6,Jun,1,0,REAL SMARD 2023-06-13,0.09002708333333333,0.12007999999999999,0.24398999999999998,16.275593190274765,8.879941016361718,12.866459617289912,0.0,6.155590052072521,6.710869565217393,0.0,3.409133572984853,13.1712259066468,0.0,0.0,3.1043672836279654
2023-06-14,24,6,Jun,2,0,REAL SMARD 2023-06-14,0.10293958333333335,0.15218,0.27407000000000004,17.71199284586725,10.316340671954201,14.661263929656766,0.0,7.950394364439373,6.710869565217393,0.0,3.0507289162104847,15.013879716232694,0.0,0.0,2.6981131296345566
2023-06-15,24,6,Jun,3,0,REAL SMARD 2023-06-15,0.12030833333333334,0.17928,0.28832,19.552837449375897,12.157185275462847,16.05533324559803,0.0,9.344463680380638,6.710869565217393,0.0,3.497504203777865,16.20926155442472,0.0,0.0,3.343575894951176
2023-06-16,24,6,Jun,4,0,REAL SMARD 2023-06-16,0.12752,0.1751,0.29319,20.77207111117835,13.376418937265301,17.121765271731768,0.0,10.410895706514374,6.710869565217393,0.0,3.650305839446581,17.638652918463652,0.0,0.0,3.1334181927146965
2023-06-17,24,6,Jun,5,1,REAL SMARD 2023-06-17,0.10453833333333333,0.155,0.26979,19.101384744161944,11.705732570248896,13.530711976409982,0.0,6.819842411192591,6.710869565217393,0.0,5.570672767751962,13.948485055777418,0.0,0.0,5.152899688384526
2023-06-18,24,6,Jun,6,1,REAL SMARD 2023-06-18,0.09302458333333334,0.14025,0.2631,18.089985123793685,10.694332949880636,12.139795636794034,0.0,5.428926071576641,6.710869565217393,0.0,5.950189486999651,12.866656834806102,0.0,0.0,5.223328288987583
2023-06-19,25,6,Jun,0,0,REAL SMARD 2023-06-19,0.11697291666666665,0.19777,0.30230999999999997,19.258213706888565,11.862561532975517,16.022350762048184,0.0,9.311481196830787,6.710869565217396,0.0,3.235862944840381,16.438551320427706,0.0,0.0,2.819662386460859
2023-06-20,25,6,Jun,1,0,REAL SMARD 2023-06-20,0.1211475,0.16508,0.29259,19.78298781172567,12.387335637812619,16.48114671755557,0.0,9.770277152338178,6.710869565217393,0.0,3.301841094170097,16.661533635339232,0.0,0.0,3.121454176386436
2023-06-21,25,6,Jun,2,0,REAL SMARD 2023-06-21,0.12346916666666667,0.19071000000000002,0.29951,20.288336132193283,12.892683958280234,16.54875659007399,0.0,9.837887024856597,6.710869565217393,0.0,3.7395795421192943,16.835749260321187,0.0,0.0,3.4525868718720965
2023-06-22,25,6,Jun,3,0,REAL SMARD 2023-06-22,0.12571125,0.15743000000000001,0.28943,20.52209663870015,13.126444464787102,17.201058240098394,0.0,10.490188674881002,6.710869565217393,0.0,3.3210383986017575,17.553897401803223,0.0,0.0,2.968199236896929
2023-06-23,25,6,Jun,4,0,REAL SMARD 2023-06-23,0.10640625,0.1371,0.26166,18.316656465982547,10.921004292069497,15.302312189397679,0.0,8.591442624180289,6.710869565217391,0.0,3.0143442765848683,15.573100349598452,0.0,0.0,2.743556116384095
2023-06-24,25,6,Jun,5,1,REAL SMARD 2023-06-24,0.08184583333333334,0.15072,0.26195,16.771825895112162,9.376173721199113,10.012650868717282,0.0,3.3017813034998897,6.710869565217393,0.0,6.75917502639488,10.277247641351607,0.0,0.0,6.4945782537605545
2023-06-25,25,6,Jun,6,1,REAL SMARD 2023-06-25,0.07569625,0.16344,0.25809000000000004,16.857723180738322,9.462071006825274,9.653996056625548,0.0,2.9431264914081554,6.710869565217393,0.0,7.203727124112774,9.868066872181297,0.20178884404357836,0.9928598899998935,6.989656308557025
2023-06-26,26,6,Jun,0,0,REAL SMARD 2023-06-26,0.09748958333333334,0.13205,0.24143000000000003,18.011140194368217,10.615488020455167,13.353435581353263,0.0,6.642566016135872,6.710869565217393,0.0,4.657704613014953,13.538634355392455,0.0,0.0,4.472505838975762
2023-06-27,26,6,Jun,1,0,REAL SMARD 2023-06-27,0.10194625,0.13479,0.26241000000000003,18.101700610871788,10.70604843695874,14.324822801433871,0.0,7.613953236216478,6.710869565217393,0.0,3.7768778094379165,14.62336739920946,0.0,0.0,3.478333211662328
2023-06-28,26,6,Jun,2,0,REAL SMARD 2023-06-28,0.11251583333333333,0.16762,0.28718,18.88832100817241,11.492668834259364,15.88043193898724,0.0,9.169562373769844,6.710869565217394,0.0,3.007889069185172,16.15156217007775,0.4571852612387116,1.912268952813751,2.736758838094662
2023-06-29,26,6,Jun,3,0,REAL SMARD 2023-06-29,0.11808083333333334,0.17158,0.29825,19.765219279482512,12.369567105569462,16.52982778714331,0.0,9.818958221925916,6.710869565217394,0.0,3.2353914923392004,16.772454031603754,0.6877136704937241,2.81815215544697,2.992765247878758
2023-06-30,26,6,Jun,4,0,REAL SMARD 2023-06-30,0.11002666666666666,0.13897,0.24996000000000002,18.87773797698949,11.48208580307644,15.724668267626885,0.0,9.013798702409492,6.710869565217393,0.0,3.1530697093626046,16.124684642966592,0.0,0.0,2.7530533340228978
2023-07-01,26,7,Jul,5,1,REAL SMARD 2023-07-01,0.06645458333333333,0.10973999999999999,0.21436,15.19194130462229,7.796289130709242,9.199069297084655,0.0,2.4881997318672635,6.710869565217393,0.0,5.992872007537635,9.346699234468112,0.0,0.0,5.845242070154178
2023-07-02,26,7,Jul,6,1,REAL SMARD 2023-07-02,0.015713750000000002,0.09490000000000001,0.13683,9.891198627298765,2.4955464533857166,7.959276869232937,0.0,1.248407304015546,6.710869565217392,0.0,1.9319217580658279,7.988803088278379,0.0,0.0,1.902395539020386
2023-07-03,27,7,Jul,0,0,REAL SMARD 2023-07-03,0.054156249999999996,0.12809,0.24838,12.955756723337178,5.560104549424128,8.540814266677076,0.0,1.829944701459685,6.710869565217392,0.0,4.414942456660102,8.62654044809938,0.0,0.0,4.329216275237798
2023-07-04,27,7,Jul,1,0,REAL SMARD 2023-07-04,0.08520125,0.17399,0.2802,16.340965401845622,8.945313227932575,10.176651736410916,0.0,3.465782171193523,6.710869565217393,0.0,6.164313665434706,10.807964002589603,0.0,0.0,5.533001399256019
2023-07-05,27,7,Jul,2,0,REAL SMARD 2023-07-05,0.07110708333333332,0.12432,0.23661,15.654523124862706,8.258870950949657,9.133657168753967,0.0,2.422787603536576,6.710869565217391,0.0,6.520865956108739,9.315353494981625,0.0,0.0,6.339169629881081
2023-07-06,27,7,Jul,3,0,REAL SMARD 2023-07-06,0.10720458333333333,0.18413,0.28259999999999996,18.41301913959012,11.017366965677072,14.92053396343669,0.0,8.209664398219296,6.710869565217393,0.0,3.49248517615343,15.368267036760605,1.21055,5.5,3.0447521028295146
2023-07-07,27,7,Jul,4,0,REAL SMARD 2023-07-07,0.10296791666666667,0.17324,0.27878000000000003,18.2227092565545,10.82705708264145,14.012910403436326,0.0,7.302040838218934,6.710869565217393,0.0,4.209798853118173,14.523015594913183,0.0,0.0,3.699693661641316
2023-07-08,27,7,Jul,5,1,REAL SMARD 2023-07-08,0.08219166666666666,0.13286,0.253,16.39622169211935,9.000569518206301,11.219036089679793,0.0,4.5081665244624,6.710869565217393,0.0,5.1771856024395575,11.410464628075939,0.0,0.0,4.985757064043412
2023-07-09,27,7,Jul,6,1,REAL SMARD 2023-07-09,0.08933208333333333,0.1341,0.25421,17.320815560754045,9.925163386840998,12.703100729483864,0.0,5.992231164266471,6.710869565217393,0.0,4.617714831270181,13.01938648409826,0.0,0.0,4.301429076655786
2023-07-10,28,7,Jul,0,0,REAL SMARD 2023-07-10,0.11398625,0.18006999999999998,0.29749000000000003,19.382274905673846,11.986622731760798,15.028032264095625,0.0,8.317162698878233,6.710869565217393,0.0,4.354242641578221,15.104818738866435,0.0,0.0,4.277456166807411
2023-07-11,28,7,Jul,1,0,REAL SMARD 2023-07-11,0.10595791666666667,0.18099,0.30401,18.283109131132157,10.887456957219108,13.14657522132877,0.0,6.435705656111378,6.710869565217393,0.0,5.136533909803386,14.214671591099577,0.0,0.0,4.06843754003258
2023-07-12,28,7,Jul,2,0,REAL SMARD 2023-07-12,0.0875075,0.15189,0.25138,16.26884285836157,8.87319068444852,10.730000379444647,0.0,4.019130814227253,6.710869565217393,0.0,5.538842478916923,11.22893337919016,0.0,0.0,5.03990947917141
2023-07-13,28,7,Jul,3,0,REAL SMARD 2023-07-13,0.09771,0.13788999999999998,0.24936000000000003,17.811901443791015,10.416249269877966,13.65384388570142,0.0,6.942974320484027,6.710869565217393,0.0,4.158057558089595,14.135309494099921,0.0,0.0,3.676591949691094
2023-07-14,28,7,Jul,4,0,REAL SMARD 2023-07-14,0.09696708333333333,0.14019,0.27219000000000004,17.49091786795572,10.095265694042672,14.106377107765883,0.0,7.395507542548491,6.710869565217393,0.0,3.384540760189836,14.460067091679159,0.0,0.0,3.0308507762765604
2023-07-15,28,7,Jul,5,1,REAL SMARD 2023-07-15,0.033626249999999996,0.08836,0.21618,12.058828751602668,4.663176577689619,7.964501259029222,0.0,1.25363169381183,6.710869565217393,0.0,4.094327492573446,7.991591794696973,0.0,0.0,4.067236956905695
2023-07-16,28,7,Jul,6,1,REAL SMARD 2023-07-16,0.027157916666666667,0.11438,0.22451000000000002,11.590749599881196,4.195097425968148,8.280750579617484,0.0,1.5698810144000916,6.710869565217392,0.0,3.309999020263712,8.315601775854933,0.0,0.0,3.275147824026263
2023-07-17,29,7,Jul,0,0,REAL SMARD 2023-07-17,0.08198083333333334,0.12966,0.23852,15.842202979656033,8.446550805742984,9.740046964055761,0.0,3.0291773988383692,6.710869565217393,0.0,6.102156015600272,9.843530368137454,0.0,0.0,5.998672611518579
2023-07-18,29,7,Jul,1,0,REAL SMARD 2023-07-18,0.10646458333333335,0.188,0.30025999999999997,18.546677915121684,11.151025741208635,15.134886324760341,0.0,8.424016759542946,6.710869565217394,0.0,3.411791590361343,15.458795598600535,0.0,0.0,3.0878823165211493
2023-07-19,29,7,Jul,2,0,REAL SMARD 2023-07-19,0.09731708333333333,0.12858,0.24481000000000003,17.67285270447899,10.277200530565944,13.809034715379884,0.0,7.09816515016249,6.710869565217393,0.0,3.8638179890991076,14.168412444607279,0.0,0.0,3.5044402598717124
2023-07-20,29,7,Jul,3,0,REAL SMARD 2023-07-20,0.09650874999999999,0.14355,0.25815,17.649677998999838,10.25402582508679,14.262085302686113,0.0,7.551215737468721,6.710869565217393,0.0,3.3875926963137246,14.533074630100389,0.21589738308047685,0.9928598899998935,3.1166033688994492
2023-07-21,29,7,Jul,4,0,REAL SMARD 2023-07-21,0.10439999999999998,0.15377000000000002,0.2569,18.10313405034206,10.707481876429013,15.153152698975202,0.0,8.44228313375781,6.710869565217393,0.0,2.9499813513668585,15.454922266102976,0.0,0.0,2.648211784239084
2023-07-22,29,7,Jul,5,1,REAL SMARD 2023-07-22,0.07673416666666667,0.11875,0.23192000000000002,16.030523937199924,8.634871763286874,10.9799618532995,0.0,4.269092288082108,6.710869565217393,0.0,5.050562083900424,11.18748231584339,0.0,0.0,4.843041621356534
2023-07-23,29,7,Jul,6,1,REAL SMARD 2023-07-23,0.03258083333333334,0.09966,0.19878,13.087077348792711,5.691425174879662,8.084897116780695,0.0,1.3740275515633027,6.710869565217392,0.0,5.002180232012016,8.148575642478422,0.0,0.0,4.938501706314289
2023-07-24,30,7,Jul,0,0,REAL SMARD 2023-07-24,0.09053,0.11846,0.23896,16.298829671523514,8.903177497610464,13.668611103964949,0.0,6.957741538747555,6.710869565217394,0.0,2.6302185675585648,14.258343937304364,0.5891628896177437,2.81815215544697,2.04048573421915
2023-07-25,30,7,Jul,1,0,REAL SMARD 2023-07-25,0.10415458333333333,0.1519,0.25498,17.67043056510984,10.27477839119679,15.221008314435231,0.0,8.510138749217836,6.710869565217396,0.0,2.4494222506746084,15.543008510652186,0.0,0.0,2.1274220544576536
2023-07-26,30,7,Jul,2,0,REAL SMARD 2023-07-26,0.09524458333333334,0.12075,0.24722,17.31223412552984,9.916581951616793,14.278185315002254,0.0,7.5673157497848615,6.710869565217393,0.0,3.0340488105275867,14.638919562525867,0.0,0.0,2.6733145630039736
2023-07-27,30,7,Jul,3,0,REAL SMARD 2023-07-27,0.09391125,0.11695,0.24895,17.1717558607405,9.776103686827451,14.372950156397739,0.0,7.6620805911803425,6.710869565217396,0.0,2.7988057043427617,14.762336717529845,0.0,0.0,2.4094191432106555
2023-07-28,30,7,Jul,4,0,REAL SMARD 2023-07-28,0.09591916666666665,0.13,0.25444,17.0659627656845,9.67031059177145,14.506663210580022,0.0,7.795793645362629,6.710869565217394,0.0,2.5592995551044773,14.782543036207358,0.0,0.0,2.283419729477142
2023-07-29,30,7,Jul,5,1,REAL SMARD 2023-07-29,0.07667541666666666,0.10309,0.22428,15.969288252494483,8.573636078581433,10.984421628962465,0.0,4.273552063745074,6.710869565217393,0.0,4.984866623532017,11.2002706457573,0.0,0.0,4.769017606737183
2023-07-30,30,7,Jul,6,1,REAL SMARD 2023-07-30,0.03914875,0.08846,0.20637,13.043592689862535,5.647940515949488,8.222606767028564,0.0,1.5117372018111717,6.710869565217393,0.0,4.820985922833971,8.267324955394951,0.0,0.0,4.776267734467584
2023-07-31,31,7,Jul,0,0,REAL SMARD 2023-07-31,0.07096916666666668,0.09997,0.23021,14.503201178663847,7.107549004750798,11.562101548789654,0.0,4.851231983572258,6.710869565217396,0.0,2.941099629874193,12.096452032863702,1.4801808402316943,7.337047844553032,2.406749145800145
2023-08-01,31,8,Aug,1,0,REAL SMARD 2023-08-01,0.07942791666666667,0.11194,0.22805,15.386348486106794,7.990696312193746,12.726573594983329,0.0,6.015704029765935,6.710869565217394,0.0,2.6597748911234653,12.963419913132004,0.0,0.0,2.42292857297479
2023-08-02,31,8,Aug,2,0,REAL SMARD 2023-08-02,0.06828791666666667,0.11195999999999999,0.21592,14.441461069440155,7.045808895527108,9.881791699981544,0.0,3.170922134764152,6.710869565217392,0.0,4.559669369458611,10.118981278555268,0.0,0.0,4.322479790884888
2023-08-03,31,8,Aug,3,0,REAL SMARD 2023-08-03,0.045414583333333335,0.09681000000000001,0.22726000000000002,11.265099551308893,3.8694473773958453,8.901630040957754,0.0,2.190760475740358,6.710869565217395,0.0,2.3634695103511394,9.401554389058285,0.0,0.0,1.8635451622506078
2023-08-04,31,8,Aug,4,0,REAL SMARD 2023-08-04,0.09859458333333333,0.1398,0.26686,17.34613786724549,9.950485693332439,14.587569674878402,0.0,7.87670010966101,6.7108695652173935,0.0,2.758568192367086,14.730103213341115,0.0,0.0,2.6160346539043733
2023-08-05,31,8,Aug,5,1,REAL SMARD 2023-08-05,0.09030708333333333,0.12899000000000002,0.2551,16.90070576334815,9.5050535894351,13.381018734819001,0.0,6.670149169601608,6.710869565217393,0.0,3.519687028529148,14.257872467697585,0.0,0.0,2.642833295650565
2023-08-06,31,8,Aug,6,1,REAL SMARD 2023-08-06,0.05790958333333333,0.0891,0.20461000000000001,14.07251036739024,6.676858193477192,9.2056868169476,0.0,2.4948172517302067,6.710869565217393,0.0,4.866823550442641,9.487556895708558,0.0,0.0,4.584953471681683
2023-08-07,32,8,Aug,0,0,REAL SMARD 2023-08-07,0.020617083333333338,0.07338,0.14569000000000001,10.302499930302554,2.9068477563895057,6.806739130434784,0.0,0.09586956521739132,6.710869565217393,0.0,3.49576079986777,6.8409491304347805,0.0,0.0,3.4615507998677737
2023-08-08,32,8,Aug,1,0,REAL SMARD 2023-08-08,0.018362083333333334,0.08918000000000001,0.21959,9.46435231224786,2.0687001383348105,7.610150971048366,0.0,0.8992814058309735,6.710869565217393,0.0,1.8542013411994933,7.610150971048365,0.0,0.0,1.8542013411994942
2023-08-09,32,8,Aug,2,0,REAL SMARD 2023-08-09,0.08834875000000002,0.13908,0.25091,16.204690655012453,8.809038481099403,12.83689566666097,0.0,6.1260261014435775,6.710869565217393,0.0,3.3677949883514824,13.017078244827827,0.0,0.0,3.1876124101846255
2023-08-10,32,8,Aug,3,0,REAL SMARD 2023-08-10,0.1021725,0.2038,0.30376000000000003,17.35342015247281,9.957767978559763,12.78018585496486,0.0,6.069316289747466,6.710869565217393,0.0,4.573234297507952,13.115073417507329,0.0,0.0,4.238346734965482
2023-08-11,32,8,Aug,4,0,REAL SMARD 2023-08-11,0.10044416666666667,0.16666,0.27281,17.440224940691998,10.044572766778948,12.174223759432689,0.0,5.463354194215296,6.710869565217393,0.0,5.266001181259309,12.38829201886891,0.0,0.0,5.051932921823088
2023-08-12,32,8,Aug,5,1,REAL SMARD 2023-08-12,0.080135,0.11228,0.23847000000000002,16.03423116531559,8.63857899140254,10.231705881097124,0.0,3.5208363158797322,6.710869565217392,0.0,5.802525284218465,10.328595918638763,0.0,0.0,5.705635246676826
2023-08-13,32,8,Aug,6,1,REAL SMARD 2023-08-13,0.06520875,0.12015,0.24017,14.753681366474183,7.358029192561133,9.533988313872351,0.0,2.8231187486549585,6.710869565217393,0.0,5.219693052601832,9.668644367994098,0.0,0.0,5.085036998480085
2023-08-14,33,8,Aug,0,0,REAL SMARD 2023-08-14,0.10337166666666668,0.17779,0.30979,17.446495972343335,10.050843798430286,13.99370422026471,0.0,7.282834655047317,6.710869565217393,0.0,3.4527917520786247,14.378534760687801,0.23202142769407513,0.9928598899998935,3.0679612116555344
2023-08-15,33,8,Aug,1,0,REAL SMARD 2023-08-15,0.09355666666666668,0.14261000000000001,0.25806,17.00554263198188,9.60989045806883,11.935136972848467,0.0,5.224267407631074,6.710869565217393,0.0,5.070405659133412,12.135268864160544,0.0,0.0,4.870273767821335
2023-08-16,33,8,Aug,2,0,REAL SMARD 2023-08-16,0.11080708333333333,0.16003,0.2881,18.540210168081302,11.144557994168252,15.549698860898822,0.0,8.838829295681428,6.710869565217393,0.0,2.99051130718248,15.790435865812498,0.0,0.0,2.749774302268804
2023-08-17,33,8,Aug,3,0,REAL SMARD 2023-08-17,0.11136249999999999,0.15063,0.28263,18.484513896612462,11.088861722699415,15.785252971010285,0.0,9.074383405792894,6.710869565217392,0.0,2.699260925602177,16.097544068767924,0.4693664144681352,1.912268952813751,2.3869698278445384
2023-08-18,33,8,Aug,4,0,REAL SMARD 2023-08-18,0.10898999999999999,0.16138,0.29338,18.299485996517117,10.903833822604067,15.31211648389844,0.0,8.601246918681046,6.710869565217393,0.0,2.9873695126186774,15.667679211730196,0.5331522969863263,2.219063918198311,2.631806784786921
2023-08-19,33,8,Aug,5,1,REAL SMARD 2023-08-19,0.08479208333333332,0.13253,0.26215,16.376646333613177,8.980994159700128,11.0449875016938,0.0,4.3341179364764075,6.710869565217393,0.0,5.331658831919377,11.247795697426074,0.0,0.0,5.128850636187103
2023-08-20,33,8,Aug,6,1,REAL SMARD 2023-08-20,0.09012208333333334,0.14,0.26080000000000003,17.089194512217972,9.693542338304923,11.066565901812279,0.0,4.355696336594887,6.710869565217393,0.0,6.022628610405693,11.653720487789515,0.6043885771213275,2.8646723723638616,5.435474024428457
2023-08-21,34,8,Aug,0,0,REAL SMARD 2023-08-21,0.12110708333333335,0.20345,0.31872999999999996,19.4914375508505,12.095785376937451,16.040011786469133,0.0,9.329142221251738,6.710869565217395,0.0,3.4514257643813657,16.237339977351425,0.0,0.0,3.254097573499074
2023-08-22,34,8,Aug,1,0,REAL SMARD 2023-08-22,0.12315208333333333,0.20648,0.32483,19.685574146564125,12.289921972651076,16.307851120820754,0.0,9.596981555603362,6.710869565217393,0.0,3.3777230257433715,16.507240383560188,0.0,0.0,3.1783337630039377
2023-08-23,34,8,Aug,2,0,REAL SMARD 2023-08-23,0.1465525,0.29193,0.40812000000000004,21.865883681720984,14.470231507807936,17.105333006895474,0.0,10.394463441678083,6.710869565217393,0.0,4.7605506748255095,17.415404411362363,0.0,0.0,4.4504792703586205
2023-08-24,34,8,Aug,3,0,REAL SMARD 2023-08-24,0.14694583333333336,0.26491000000000003,0.39691000000000004,21.77481311498391,14.379160941070861,17.686691523749317,0.0,10.975821958531924,6.710869565217393,0.0,4.088121591234593,18.27086322533995,0.0,0.0,3.503949889643959
2023-08-25,34,8,Aug,4,0,REAL SMARD 2023-08-25,0.11626083333333333,0.16126,0.29325999999999997,18.880992925401653,11.485340751488605,16.07168977174365,0.0,9.360820206526254,6.710869565217394,0.0,2.8093031536580035,16.532386519137397,1.5379865784907931,6.293668344165447,2.348606406264256
2023-08-26,34,8,Aug,5,1,REAL SMARD 2023-08-26,0.09651541666666667,0.13502,0.25582,17.971459493107215,10.575807319194166,13.616610396154487,0.0,6.905740830937094,6.710869565217393,0.0,4.354849096952728,13.988868351140429,0.0,0.0,3.982591141966786
2023-08-27,34,8,Aug,6,1,REAL SMARD 2023-08-27,0.10189916666666665,0.12913,0.26113,18.268992389441465,10.873340215528415,15.555977183705657,0.0,8.845107618488267,6.710869565217391,0.0,2.7130152057358075,15.878891606112926,0.0,0.0,2.3901007833285384
2023-08-28,35,8,Aug,0,0,REAL SMARD 2023-08-28,0.11867208333333334,0.17496,0.30696,18.783402637686144,11.387750463773095,15.778181111125534,0.0,9.06731154590814,6.710869565217394,0.0,3.005221526560611,16.163884336444696,1.551825,5.5,2.619518301241449
2023-08-29,35,8,Aug,1,0,REAL SMARD 2023-08-29,0.12290374999999999,0.17181,0.30381,19.121065780744406,11.725413606831356,16.179146568551936,0.0,9.468277003334538,6.710869565217396,0.0,2.94191921219247,16.437875663083688,1.4994650000000003,5.5,2.6831901176607182
2023-08-30,35,8,Aug,2,0,REAL SMARD 2023-08-30,0.11492750000000003,0.16901,0.30101,18.569698439989057,11.17404626607601,15.929081802416075,0.0,9.21821223719868,6.710869565217394,0.0,2.6406166375729825,16.802329373605446,0.0,0.0,1.767369066383612
2023-08-31,35,8,Aug,3,0,REAL SMARD 2023-08-31,0.10429666666666666,0.14855000000000002,0.28055,17.77663134448716,10.380979170574111,15.25812767148555,0.0,8.547258106268158,6.710869565217393,0.0,2.518503673001611,15.77535190261682,0.0,0.0,2.0012794418703415
2023-09-01,35,9,Sep,4,0,REAL SMARD 2023-09-01,0.10857166666666666,0.15152000000000002,0.28352,18.21078698789219,10.815134813979142,15.808493311460246,0.0,9.097623746242853,6.710869565217393,0.0,2.4022936764319454,16.11861326781649,0.0,0.0,2.092173720075703
2023-09-02,35,9,Sep,5,1,REAL SMARD 2023-09-02,0.09513333333333333,0.1268,0.25379,17.53375062607288,10.13809845215983,13.736340963885453,0.0,7.025471398668061,6.710869565217393,0.0,3.7974096621874267,13.986960612694645,0.0,0.0,3.546790013378235
2023-09-03,35,9,Sep,6,1,REAL SMARD 2023-09-03,0.0826475,0.13859,0.25719000000000003,16.07989106230126,8.684238888388212,10.41268066966271,0.0,3.701811104445316,6.710869565217393,0.0,5.667210392638552,10.498085069685885,0.0,0.0,5.581805992615376
2023-09-04,36,9,Sep,0,0,REAL SMARD 2023-09-04,0.10844541666666668,0.19828,0.33028,17.71642893718149,10.32077676326844,14.466432646180632,0.0,7.75556308096324,6.710869565217393,0.0,3.2499962910008584,14.729455859889422,0.0,0.0,2.9869730772920686
2023-09-05,36,9,Sep,1,0,REAL SMARD 2023-09-05,0.10354208333333333,0.18487,0.31687,17.4363764665125,10.04072429259945,14.586664746812701,0.0,7.875795181595308,6.710869565217393,0.0,2.8497117196997976,15.074063907193434,0.0,0.0,2.362312559319065
2023-09-06,36,9,Sep,2,0,REAL SMARD 2023-09-06,0.10561791666666666,0.18983,0.32183,17.236535456594723,9.840883282681675,14.457350889364184,0.0,7.746481324146791,6.710869565217393,0.0,2.779184567230539,14.897988011922049,0.0,0.0,2.338547444672674
2023-09-07,36,9,Sep,3,0,REAL SMARD 2023-09-07,0.10098583333333333,0.16727,0.29927000000000004,17.193466707418004,9.797814533504955,13.984204563648497,0.0,7.273334998431104,6.710869565217393,0.0,3.2092621437695072,14.459106722048956,0.0,0.0,2.734359985369048
2023-09-08,36,9,Sep,4,0,REAL SMARD 2023-09-08,0.10822708333333335,0.23,0.362,17.172949229900528,9.77729705598748,14.459988595169957,0.0,7.749119029952565,6.710869565217393,0.0,2.712960634730571,14.859286431978274,0.23818708761097446,0.9928598899998935,2.3136627979222535
2023-09-09,36,9,Sep,5,1,REAL SMARD 2023-09-09,0.09151291666666667,0.15650999999999998,0.28621,16.603465174176417,9.207813000263368,10.79079433964827,0.0,4.079924774430878,6.710869565217393,0.0,5.812670834528147,11.21258885892821,0.0,0.0,5.390876315248207
2023-09-10,36,9,Sep,6,1,REAL SMARD 2023-09-10,0.08538,0.1519,0.28259999999999996,16.293061635536738,8.89740946162369,10.123481716753105,0.0,3.412612151535712,6.710869565217393,0.0,6.169579918783633,10.33694554815627,0.0,0.0,5.956116087380467
2023-09-11,37,9,Sep,0,0,REAL SMARD 2023-09-11,0.152865,0.52427,0.65627,20.20498596606885,12.809333792155801,15.816339708637305,0.0,9.105470143419911,6.710869565217393,0.0,4.388646257431546,16.0898762145557,0.0,0.0,4.115109751513149
2023-09-12,37,9,Sep,1,0,REAL SMARD 2023-09-12,0.13145416666666668,0.28402,0.41602,19.112743747395125,11.717091573482078,15.950873683138832,0.0,9.240004117921439,6.7108695652173935,0.0,3.161870064256293,16.298551490356033,1.4982550000000003,5.5,2.8141922570390925
2023-09-13,37,9,Sep,2,0,REAL SMARD 2023-09-13,0.10993666666666664,0.1535,0.2855,18.34534643092035,10.949694257007302,15.728070711660273,0.0,9.017201146442877,6.710869565217394,0.0,2.6172757192600784,16.041799064739898,0.0,0.0,2.303547366180453
2023-09-14,37,9,Sep,3,0,REAL SMARD 2023-09-14,0.12046541666666666,0.23574,0.36774,18.274794582499325,10.879142408586276,15.525635876566781,0.0,8.814766311349388,6.710869565217393,0.0,2.749158705932544,16.176979646055944,0.6478743037338109,2.8646723723638616,2.097814936443381
2023-09-15,37,9,Sep,4,0,REAL SMARD 2023-09-15,0.10818583333333331,0.18987,0.32187,17.61076246117105,10.215110287258,14.315868672490948,0.0,7.604999107273556,6.710869565217393,0.0,3.294893788680101,14.446715069052681,0.0,0.0,3.164047392118368
2023-09-16,37,9,Sep,5,1,REAL SMARD 2023-09-16,0.09520041666666668,0.18124,0.31324,16.769495835762783,9.373843661849735,12.423012096906877,0.0,5.712142531689485,6.710869565217393,0.0,4.346483738855905,12.587553253788872,0.0,0.0,4.18194258197391
2023-09-17,37,9,Sep,6,1,REAL SMARD 2023-09-17,0.08761541666666665,0.1519,0.28390000000000004,16.441070773183657,9.045418599270608,10.50477365768162,0.0,3.7939040924642273,6.710869565217393,0.0,5.936297115502038,11.047408197872123,0.0,0.0,5.393662575311534
2023-09-18,38,9,Sep,0,0,REAL SMARD 2023-09-18,0.0953025,0.16178,0.29378000000000004,16.37615471619109,8.980502542278039,11.868699026919398,0.0,5.157829461702006,6.710869565217393,0.0,4.507455689271691,12.339202125797371,1.1545361520000021,4.655200000000009,4.036952590393717
2023-09-19,38,9,Sep,1,0,REAL SMARD 2023-09-19,0.03868791666666667,0.11442000000000001,0.24642000000000003,9.528207408968687,2.132555235055638,7.058730306583996,0.6133787994358676,0.4376208364506163,7.234488269569248,3.428995971801585,2.4694771023846904,7.279884915895254,1.96768,11.0,2.2483224930734327
2023-09-20,38,9,Sep,2,0,REAL SMARD 2023-09-20,0.05048583333333334,0.19586,0.32786000000000004,10.172540443858912,2.7768882699458635,8.168513721254234,0.0,1.4576441560368423,6.710869565217392,0.0,2.004026722604678,8.453601804926723,0.0,0.0,1.7189386389321886
2023-09-21,38,9,Sep,3,0,REAL SMARD 2023-09-21,0.10305749999999998,0.27442,0.40642,16.451616861665116,9.055964687752066,13.23916377871178,0.0,6.5282942134943855,6.710869565217396,0.0,3.212453082953335,13.457863863962126,1.4082200000000002,5.5,2.9937529977029893
2023-09-22,38,9,Sep,4,0,REAL SMARD 2023-09-22,0.10397833333333333,0.15990000000000001,0.29190000000000005,17.2212467905354,9.825594616622352,14.727984344536797,0.0,8.017114779319403,6.710869565217393,0.0,2.493262445998603,15.240989372459318,0.0,0.0,1.9802574180760821
2023-09-23,38,9,Sep,5,1,REAL SMARD 2023-09-23,0.09951958333333333,0.15619,0.28819,17.67453062784678,10.278878453933732,13.892340525299756,0.0,7.181470960082364,6.710869565217393,0.0,3.782190102547025,14.028319116534384,0.0,0.0,3.646211511312398
2023-09-24,38,9,Sep,6,1,REAL SMARD 2023-09-24,0.0692125,0.15709,0.28909,14.572173274473403,7.176521100560356,8.901177644963012,0.0,2.190308079745619,6.710869565217393,0.0,5.670995629510392,9.482976777255026,0.9982362327121918,4.339591499857374,5.089196497218378
2023-09-25,39,9,Sep,0,0,REAL SMARD 2023-09-25,0.10586333333333335,0.37959,0.51159,14.684076051746242,7.288423877833193,11.430929714457388,0.0,4.720060149239991,6.710869565217396,0.0,3.253146337288854,11.56486505343456,0.0,0.0,3.119210998311683
2023-09-26,39,9,Sep,1,0,REAL SMARD 2023-09-26,0.128765,0.28855000000000003,0.37882,18.94061688328461,11.544964709371559,15.630428335504579,0.0,8.919558770287187,6.710869565217393,0.0,3.3101885477800295,15.976579916717373,0.0,0.0,2.9640369665672353
2023-09-27,39,9,Sep,2,0,REAL SMARD 2023-09-27,0.12448124999999999,0.25977,0.3467,18.297589933735466,10.901937759822417,15.081477622963543,6.20202,11.213157358313264,10.07034026465028,22.0,3.2161123107719227,15.511894338108936,4.414946989539134,15.660838528392516,2.78569559562653
2023-09-28,39,9,Sep,3,0,REAL SMARD 2023-09-28,0.11251958333333334,0.26580000000000004,0.39780000000000004,17.6420142756892,10.24636210177615,14.883605050735174,0.0,8.172735485517777,6.710869565217396,0.0,2.7584092249540255,15.124785021742667,0.0,0.0,2.5172292539465317
2023-09-29,39,9,Sep,4,0,REAL SMARD 2023-09-29,0.10527416666666667,0.14047,0.27247,17.93154852820432,10.535896354291271,14.794761652201693,0.0,8.083892086984301,6.710869565217393,0.0,3.1367868760026276,15.126842158688309,0.0,0.0,2.804706369516012
2023-09-30,39,9,Sep,5,1,REAL SMARD 2023-09-30,0.09150291666666667,0.16390000000000002,0.29590000000000005,16.06015995561657,8.664507781703522,11.197597056238521,0.0,4.486727491021128,6.710869565217393,0.0,4.862562899378048,11.323304772005908,0.0,0.0,4.736855183610661
2023-10-01,39,10,Oct,6,1,REAL SMARD 2023-10-01,0.07428041666666667,0.13,0.262,15.35668813324436,7.961035959331311,9.706559526129434,0.0,2.99568996091204,6.7108695652173935,0.0,5.650128607114926,9.817894575946948,0.0,0.0,5.538793557297412
2023-10-02,40,10,Oct,0,0,REAL SMARD 2023-10-02,0.11815041666666666,0.24505000000000002,0.37705,18.00072621828549,10.60507404437244,15.503000464713821,0.0,8.792130899496428,6.710869565217393,0.0,2.497725753571668,15.781359555130843,0.0,0.0,2.2193666631546467
2023-10-03,40,10,Oct,1,0,REAL SMARD 2023-10-03,0.02471875,0.09758,0.192,11.808509492393064,4.412857318480016,6.9886911786821395,0.0,0.27782161346474815,6.710869565217392,0.0,4.8198183137109245,7.075341199991486,0.0,0.0,4.733168292401578
2023-10-04,40,10,Oct,2,0,REAL SMARD 2023-10-04,0.06949208333333333,0.12736,0.25936000000000003,12.233870632663479,4.83821845875043,10.047528472848304,0.0,3.3366589076309077,6.710869565217396,0.0,2.186342159815174,10.56109369994236,0.0,0.0,1.6727769327211188
2023-10-05,40,10,Oct,3,0,REAL SMARD 2023-10-05,0.10160916666666668,0.25028,0.38228,16.628249305758466,9.232597131845417,13.989111432928176,0.0,7.27824186771078,6.710869565217396,0.0,2.6391378728302897,14.43823331257764,0.0,0.0,2.1900159931808254
2023-10-06,40,10,Oct,4,0,REAL SMARD 2023-10-06,0.07162125,0.12068999999999999,0.24317,13.953283068672093,6.557630894759043,7.8508785683163875,0.0,1.1400090030989944,6.710869565217393,0.0,6.102404500355705,8.164524444291432,3.4731400000000003,16.5,5.788758624380661
2023-10-07,40,10,Oct,5,1,REAL SMARD 2023-10-07,0.0451175,0.10890999999999999,0.24091,10.359273132171285,2.963620958258237,8.422367249215247,0.0,1.7114976839978524,6.710869565217395,0.0,1.9369058829560384,9.00634460736971,1.5850474997803783,7.481649360919356,1.352928524801575
2023-10-08,40,10,Oct,6,1,REAL SMARD 2023-10-08,0.0906425,0.16258,0.29458,15.900878072754963,8.505225898841914,13.325880525564248,0.0,6.615010960346854,6.710869565217393,0.0,2.5749975471907156,13.8886836524144,0.0,0.0,2.0121944203405633
2023-10-09,41,10,Oct,0,0,REAL SMARD 2023-10-09,0.11601083333333333,0.22169999999999998,0.3537,18.273750442008424,10.878098268095375,15.532017211636315,0.0,8.821147646418918,6.710869565217396,0.0,2.741733230372109,15.887146927309571,0.0,0.0,2.3866035146988533
2023-10-10,41,10,Oct,1,0,REAL SMARD 2023-10-10,0.11238541666666668,0.20192,0.27127,17.681191865608984,10.285539691695934,14.891657884462587,0.0,8.180788319245199,6.710869565217388,0.0,2.7895339811463966,15.098897743999993,0.6607042560000073,2.649600000000029,2.5822941216089905
2023-10-11,41,10,Oct,2,0,REAL SMARD 2023-10-11,0.059963333333333334,0.13213999999999998,0.26414,12.44182763208627,5.046175458173222,8.65626364745803,0.0,1.9453940822406381,6.710869565217391,0.0,3.78556398462824,8.744725300688991,0.0,0.0,3.6971023313972786
2023-10-12,41,10,Oct,3,0,REAL SMARD 2023-10-12,0.12270916666666665,0.22099000000000002,0.35299,18.37256227465407,10.97691010074102,15.886543700508192,0.0,9.175674135290796,6.710869565217396,0.0,2.486018574145877,16.081012013109056,0.0,0.0,2.2915502615450123
2023-10-13,41,10,Oct,4,0,REAL SMARD 2023-10-13,0.06851499999999999,0.14525,0.20829999999999999,13.901522160409261,6.5058699864962115,7.59809271141207,3.92656,1.4543124467617894,10.07034026465028,22.0,6.303429448997191,8.015516128860828,1.96328,11.0,5.886006031548433
2023-10-14,41,10,Oct,5,1,REAL SMARD 2023-10-14,0.027669583333333334,0.12997,0.26197000000000004,9.60415952914364,2.208507355230591,7.633457577432442,0.0,0.9225880122150506,6.710869565217392,0.0,1.9707019517111979,7.936261112952473,1.778566707623159,8.92899597180159,1.667898416191167
2023-10-15,41,10,Oct,6,1,REAL SMARD 2023-10-15,0.03995208333333333,0.1399,0.27190000000000003,10.911287450633665,3.515635276720616,8.484870528984105,0.0,1.7740009637667131,6.710869565217392,0.0,2.42641692164956,8.543182345097671,0.0,0.0,2.368105105535994
2023-10-16,42,10,Oct,0,0,REAL SMARD 2023-10-16,0.13369875,0.24,0.372,19.752398363539083,12.356746189626035,16.75389083152828,0.0,10.043021266310884,6.710869565217396,0.0,2.9985075320108017,17.129980545959032,2.4158002822534703,8.084195971801591,2.6224178175800503
2023-10-17,42,10,Oct,1,0,REAL SMARD 2023-10-17,0.13012416666666668,0.19108,0.29791999999999996,20.12899929424687,12.733347120333821,16.548391310828215,0.0,9.837521745610822,6.710869565217395,0.0,3.5806079834186555,17.061145729844498,1.5681600000000002,5.5,3.0678535644023732
2023-10-18,42,10,Oct,2,0,REAL SMARD 2023-10-18,0.09844458333333334,0.16691,0.26308,16.553837194944283,9.158185021031233,12.680185936793713,5.78776,8.397605672143428,10.070340264650282,22.0,3.87365125815057,13.118656823304702,5.7788234915830206,21.999999999999993,3.4351803716395803
2023-10-19,42,10,Oct,3,0,REAL SMARD 2023-10-19,0.09340875,0.13887,0.27087,15.053555687092203,7.657903513179154,11.672424982956766,0.403215802583197,5.136471817901269,6.939168967638696,1.4950530314541972,3.381130704135437,12.566307802850972,5.502904455071658,20.593861531596808,2.4872478842412313
2023-10-20,42,10,Oct,4,0,REAL SMARD 2023-10-20,0.08723666666666667,0.12476000000000001,0.25229,15.82581485654072,8.430162682627673,11.519727416998737,0.0,4.808857851781344,6.7108695652173935,0.0,4.306087439541983,11.804751722142624,1.209136691572573,5.210899940010699,4.021063134398096
2023-10-21,42,10,Oct,5,1,REAL SMARD 2023-10-21,0.05431958333333334,0.12840000000000001,0.2604,12.077948419013005,4.682296245099957,8.124142340385415,5.7338970400446625,3.5724556675339327,10.285583712896145,23.409554148577133,3.95380607862759,8.598666684002335,5.609465677244379,23.409554148577133,3.4792817350106695
2023-10-22,42,10,Oct,6,1,REAL SMARD 2023-10-22,0.06394791666666666,0.13902,0.27102000000000004,13.473217125947599,6.0775649520345505,10.483557347874704,0.0,3.7726877826573073,6.710869565217396,0.0,2.9896597780728946,11.067170590645247,2.83613,11.0,2.4060465353023517
2023-10-23,43,10,Oct,0,0,REAL SMARD 2023-10-23,0.12502416666666666,0.19838999999999998,0.29719,18.695191757095042,11.299539583181993,15.990140621403269,5.734359014726751,11.96224822073453,9.762251415395491,19.982433755189568,2.7050511356917735,16.298220576355092,4.645355,16.5,2.39697118073995
2023-10-24,43,10,Oct,1,0,REAL SMARD 2023-10-24,0.11798583333333335,0.15406999999999998,0.28607,19.071536828257397,11.675884654344348,16.244606756264293,0.0,9.533737191046898,6.710869565217394,0.0,2.826930071993104,16.52329898999453,0.0,0.0,2.5482378382628674
2023-10-25,43,10,Oct,2,0,REAL SMARD 2023-10-25,0.12430583333333334,0.15771000000000002,0.28971,19.31377838654254,11.918126212629492,16.504033086858446,0.0,9.793163521641052,6.7108695652173935,0.0,2.8097452996840957,16.85836335562718,1.1355353075535068,4.062592778625118,2.4554150309153613
2023-10-26,43,10,Oct,3,0,REAL SMARD 2023-10-26,0.12134541666666666,0.15099,0.28299,18.911217547142822,11.515565373229773,16.327784844330644,0.0,9.61691527911325,6.710869565217393,0.0,2.5834327028121784,16.463022044472602,0.0,0.0,2.4481955026702202
2023-10-27,43,10,Oct,4,0,REAL SMARD 2023-10-27,0.11835,0.15455000000000002,0.27254,18.64314224859858,11.24749007468553,15.88123359725834,0.0,9.170364032040947,6.710869565217393,0.0,2.7619086513402387,16.188573137905117,1.4212550000000002,5.5,2.4545691106934626
2023-10-28,43,10,Oct,5,1,REAL SMARD 2023-10-28,0.08336583333333335,0.14896,0.28096,15.745780833270935,8.350128659357885,11.789782369979545,5.979600000000001,7.699042105329259,10.070340264650287,22.0,3.9559984632913903,12.192334559431774,5.979600000000001,22.0,3.5534462738391603
2023-10-29,43,10,Oct,6,1,REAL SMARD 2023-10-29,0.022975,0.0839,0.2159,9.68750158596852,2.2918494120554707,7.922644130774331,0.0,1.2117745655569374,6.7108695652173935,0.0,1.7648574551941882,8.397526899977079,1.14906,5.5,1.2899746859914405
2023-10-30,44,10,Oct,0,0,REAL SMARD 2023-10-30,0.09288625,0.171,0.30300000000000005,14.87260512866709,7.476952954754041,12.003973965648044,4.993317018104193,7.726336959627581,9.270954024124656,16.765098771502124,2.868631163019046,12.36130066957882,5.295300570592729,18.165140916575105,2.5113044590882687
2023-10-31,44,10,Oct,1,0,REAL SMARD 2023-10-31,0.10494999999999999,0.17204,0.30404,17.824892774922425,10.429240601009377,14.219147577066883,6.46382,10.612627312416596,10.070340264650286,22.0,3.6057451978555424,14.682144814996118,2.4432336477949868,8.315692616980316,3.1427479599263073
2023-11-01,44,11,Nov,2,0,REAL SMARD 2023-11-01,0.06288833333333334,0.08777,0.21695,13.501239987067272,6.105587813154225,10.455153499138,1.5097406651736929,4.191373060534234,7.773521103777458,6.958933695200244,3.046086487929273,10.925434761125732,3.546785,16.5,2.57580522594154
2023-11-02,44,11,Nov,3,0,REAL SMARD 2023-11-02,0.05977416666666666,0.09795000000000001,0.22995000000000002,12.465095200280372,5.069443026367323,10.368023932023835,0.0,3.6571543668064406,6.710869565217395,0.0,2.0970712682565367,10.658780604852735,1.20593,5.5,1.8063145954276365
2023-11-03,44,11,Nov,4,0,REAL SMARD 2023-11-03,0.05657291666666667,0.09502,0.22125,11.58849294596369,4.192840772050642,8.859979497207677,0.003255474947672002,2.1501057638182357,6.713129208337113,0.0147976133985091,2.728513448756013,9.350160988510666,3.042412474947671,13.980397613398504,2.238331957453024
2023-11-04,44,11,Nov,5,1,REAL SMARD 2023-11-04,0.024815833333333332,0.04876,0.18076,10.394470763272238,2.9988185893591903,7.824255267842961,3.0304592539367246,1.5837604976550292,9.270954024124656,16.765098771502124,2.5702154954292773,8.096973065930444,2.9343600000000003,16.5,2.297497697341795
2023-11-05,44,11,Nov,6,1,REAL SMARD 2023-11-05,0.02991125,0.07495,0.20695000000000002,9.88222225381464,2.4865700799015897,7.089416015248318,4.135364665636482,1.4625292654893094,9.762251415395491,19.982433755189568,2.792806238566321,7.40239139611434,4.423895666935173,21.673103013661247,2.479830857700299
2023-11-06,45,11,Nov,0,0,REAL SMARD 2023-11-06,0.07215500000000001,0.15094,0.28293999999999997,12.891666087098134,5.496013913185086,10.625381466268578,0.0,3.9145119010511813,6.710869565217397,0.0,2.2662846208295555,10.900138850605657,2.3985098822880797,9.160492616980303,1.9915272364924768
2023-11-07,45,11,Nov,1,0,REAL SMARD 2023-11-07,0.09974583333333333,0.14937999999999999,0.28137999999999996,16.65701078560233,9.261358611689282,13.810436824517852,5.3720774907451645,9.420262899867526,9.762251415395491,19.982433755189568,2.846573961084479,14.33979811652881,5.071436677545732,19.35391562842483,2.3172126690735215
2023-11-08,45,11,Nov,2,0,REAL SMARD 2023-11-08,0.08972374999999999,0.12709,0.25909000000000004,16.002278098015047,8.606625924102,13.345551828134802,3.7765885790107276,8.114038478559852,9.00810192858568,15.043772223592763,2.656726269880245,13.71945881924676,2.749175,11.0,2.2828192787682866
2023-11-09,45,11,Nov,3,0,REAL SMARD 2023-11-09,0.09721791666666668,0.1318,0.26380000000000003,16.375202443750805,8.979550269837757,13.813194020957248,4.422633055922262,8.964873052754855,9.270954024124656,16.765098771502124,2.562008422793557,14.064114547703454,4.326355,16.5,2.3110878960473507
2023-11-10,45,11,Nov,4,0,REAL SMARD 2023-11-10,0.09404875,0.1361,0.2681,16.23758564856202,8.841933474648972,13.547578580643265,0.0,6.836709015425868,6.710869565217396,0.0,2.6900070679187564,13.990774036626714,1.4734766614633332,5.7333722235927365,2.246811611935307
2023-11-11,45,11,Nov,5,1,REAL SMARD 2023-11-11,0.09679333333333333,0.13576,0.26776,17.229209355188797,9.833557181275747,14.932631283524884,0.0,8.221761718307487,6.710869565217396,0.0,2.2965780716639124,15.134840808350367,2.381544870562537,9.160492616980296,2.09436854683843
2023-11-12,45,11,Nov,6,1,REAL SMARD 2023-11-12,0.09799208333333331,0.13827,0.27027,17.50299934151219,10.10734716759914,15.03145511768389,0.0,8.320585552466493,6.710869565217396,0.0,2.4715442238282996,15.226906697088063,1.486485,5.5,2.2760926444241267
2023-11-13,46,11,Nov,0,0,REAL SMARD 2023-11-13,0.09489416666666667,0.15178999999999998,0.21773,16.539427737196394,9.143775563283347,12.291989266865048,0.0,5.581119701647657,6.710869565217392,0.0,4.247438470331346,12.345097959208935,0.0,0.0,4.194329777987459
2023-11-14,46,11,Nov,1,0,REAL SMARD 2023-11-14,0.06563833333333334,0.11981,0.25181,12.727567866989387,5.331915693076339,10.758294217510176,0.0,4.047424652292779,6.710869565217396,0.0,1.9692736494792111,11.128816009735505,3.97111,16.5,1.5987518572538821
2023-11-15,46,11,Nov,2,0,REAL SMARD 2023-11-15,0.10240791666666667,0.12990000000000002,0.2619,17.140244386751164,9.744592212838114,14.474364495519094,0.0,7.763494930301699,6.7108695652173935,0.0,2.66587989123207,14.911124206549253,2.3962193478654688,9.325197613398508,2.2291201802019103
2023-11-16,46,11,Nov,3,0,REAL SMARD 2023-11-16,0.11763416666666666,0.18239,0.31439,18.948805965849353,11.553153791936305,15.201413708531057,5.270779402772553,11.201239087178957,9.270954024124654,16.765098771502124,3.747392257318296,15.550736213011007,5.634482283026846,18.344436155815536,3.398069752838346
2023-11-17,46,11,Nov,4,0,REAL SMARD 2023-11-17,0.12134083333333333,0.14959999999999998,0.28159999999999996,19.43759647645336,12.041944302540314,16.691757208661727,0.0,9.980887643444335,6.7108695652173935,0.0,2.7458392677916343,17.360873438564496,3.0615200000000002,11.0,2.076723037888865
2023-11-18,46,11,Nov,5,1,REAL SMARD 2023-11-18,0.09139666666666668,0.11056,0.23934,17.30764799060521,9.911995816692162,13.871034868830176,0.0,7.160165303612782,6.710869565217393,0.0,3.4366131217750358,14.309805571276417,0.0,0.0,2.9978424193287943
2023-11-19,46,11,Nov,6,1,REAL SMARD 2023-11-19,0.03830875,0.10455,0.23655,11.159253854991618,3.76360168107857,8.883804831985,0.0,2.1729352667676025,6.710869565217396,0.0,2.275449023006619,9.161416864192148,0.0,0.0,1.9978369907994704
2023-11-20,47,11,Nov,0,0,REAL SMARD 2023-11-20,0.10608458333333333,0.147,0.279,17.189815544385322,9.794163370472274,14.576943394756047,0.0,7.866073829538649,6.710869565217396,0.0,2.6128721496292755,14.722811334377827,2.6129594059222283,9.465944934072109,2.467004210007495
2023-11-21,47,11,Nov,1,0,REAL SMARD 2023-11-21,0.12329833333333333,0.14697,0.27897,19.618287136159037,12.222634962245989,16.269054185020387,0.0,9.558184619802995,6.7108695652173935,0.0,3.3492329511386494,16.58328300349801,1.4796519407044995,5.3110915598467034,3.035004132661026
2023-11-22,47,11,Nov,2,0,REAL SMARD 2023-11-22,0.10968791666666666,0.15164,0.2649,17.87630323405625,10.480651060143204,15.107162939222086,0.003919887789265061,8.39795361867424,6.713129208337112,0.0147976133985091,2.769140294834166,15.297762861039104,2.4476761818702135,9.325197613398506,2.578540373017148
2023-11-23,47,11,Nov,3,0,REAL SMARD 2023-11-23,0.06164291666666666,0.11987,0.2096,12.946651043646657,5.550998869733609,8.680813045373915,0.0031015797683275077,1.97078541680513,6.713129208337112,0.0147976133985091,4.265837998272742,9.17706949143396,1.9545614197683272,9.325197613398508,3.7695815522126974
2023-11-24,47,11,Nov,4,0,REAL SMARD 2023-11-24,0.06397291666666667,0.11268,0.22297,12.097518185244905,4.701866011331857,10.426653067014323,0.0,3.7157835017969263,6.710869565217396,0.0,1.6708651182305818,10.615194332623949,0.0,0.0,1.4823238526209561
2023-11-25,47,11,Nov,5,1,REAL SMARD 2023-11-25,0.09459666666666666,0.1272,0.2592,16.944174262736116,9.548522088823066,14.632077666856178,0.0,7.921208101638782,6.710869565217396,0.0,2.3120965958799378,14.844689380934188,0.0,0.0,2.099484881801928
2023-11-26,47,11,Nov,6,1,REAL SMARD 2023-11-26,0.11635083333333333,0.14967,0.28167,19.457237224066624,12.061585050153576,16.559285448355347,0.0,9.848415883137951,6.710869565217395,0.0,2.8979517757112774,16.78593420168955,0.6939482311382774,2.516037239905288,2.6713030223770744
2023-11-27,48,11,Nov,0,0,REAL SMARD 2023-11-27,0.11451041666666666,0.14499,0.25653000000000004,18.632945158313195,11.237292984400145,15.294050181599193,0.0,8.583180616381798,6.710869565217394,0.0,3.338894976714002,15.427613383131575,0.43198663631147155,1.6839614716074982,3.2053317751816195
2023-11-28,48,11,Nov,1,0,REAL SMARD 2023-11-28,0.12194125,0.18997999999999998,0.32198,18.928515733812013,11.532863559898965,15.257948161787098,5.398026502448254,11.3850206401107,9.270954024124654,16.765098771502124,3.6705675720249147,15.619577672178092,5.31267,16.5,3.3089380616339206
2023-11-29,48,11,Nov,2,0,REAL SMARD 2023-11-29,0.1400229166666667,0.25,0.382,20.61021831431263,13.21456614039958,15.232926414799064,8.404,13.566586150148776,10.070340264650287,22.0,5.3772918995135655,15.594167648892604,8.871971977327608,23.409554148577133,5.016050665420025
2023-11-30,48,11,Nov,3,0,REAL SMARD 2023-11-30,0.16875791666666665,0.261,0.393,22.559152908089384,15.163500734176335,16.955547162935765,8.646,15.531206898285483,10.070340264650286,22.0,5.603605745153619,17.159467043138132,8.517529484368868,21.67310301366124,5.399685864951252
2023-12-01,48,12,Dec,4,0,REAL SMARD 2023-12-01,0.15639625000000001,0.23069,0.36269,21.973027032288822,14.577374858375775,16.678001322246736,7.247428898669705,14.16317880552095,9.762251415395491,19.982433755189568,5.295025710042086,17.021406146549875,6.003703244024796,17.01790301366124,4.951620885738947
2023-12-02,48,12,Dec,5,1,REAL SMARD 2023-12-02,0.116405,0.14496,0.27696,19.257700483849842,11.862048309936792,16.609956147901656,0.0,9.899086582684264,6.7108695652173935,0.0,2.647744335948186,17.066828687611387,1.5164224930101218,5.493488237248666,2.1908717962384543
2023-12-03,48,12,Dec,6,1,REAL SMARD 2023-12-03,0.10471833333333332,0.12905,0.26105,18.43966457935807,11.04401240544502,15.588116547413481,0.0,8.877246982196088,6.7108695652173935,0.0,2.8515480319445885,16.14430538975978,1.6128910386513924,6.326437239905319,2.2953591895982903
2023-12-04,49,12,Dec,0,0,REAL SMARD 2023-12-04,0.11175791666666667,0.13141999999999998,0.25975000000000004,18.548337048060766,11.152684874147717,15.495407359271786,0.0,8.784537794054392,6.7108695652173935,0.0,3.0529296887889803,16.273171884097852,3.7925977760143645,14.716988550584656,2.275165163962914
2023-12-05,49,12,Dec,1,0,REAL SMARD 2023-12-05,0.11439250000000001,0.14747,0.27947,18.666506061182545,11.270853887269496,15.993905403866709,0.0,9.283035838649315,6.7108695652173935,0.0,2.6726006573158365,16.433638303777208,1.4368200000000002,5.5,2.2328677574053373
2023-12-06,49,12,Dec,2,0,REAL SMARD 2023-12-06,0.12954041666666669,0.17807,0.31007,19.729445642117053,12.333793468204005,16.094935374800908,0.46357109346300296,9.619337500625212,6.939168967638698,1.4950530314541972,3.634510267316145,16.589646255565725,6.159937549463002,20.115853031454193,3.139799386551328
2023-12-07,49,12,Dec,3,0,REAL SMARD 2023-12-07,0.11660208333333333,0.15,0.26587000000000005,19.03307987176132,11.637427697848272,15.504208591538225,0.0,8.793339026320831,6.7108695652173935,0.0,3.528871280223095,15.706339749033424,0.39748974947272747,1.4950530314541972,3.3267401227278963
2023-12-08,49,12,Dec,4,0,REAL SMARD 2023-12-08,0.10367958333333334,0.11875,0.2506,17.80522669696057,10.409574523047521,15.202887042042171,0.0,8.492017476824778,6.710869565217394,0.0,2.6023396549183992,15.657645703802803,1.1212331775986217,4.485112114879082,2.147580993157767
2023-12-09,49,12,Dec,5,1,REAL SMARD 2023-12-09,0.07841458333333333,0.095,0.21208,15.9659081433024,8.57025596938935,12.63700882917059,0.0,5.926139263953196,6.710869565217393,0.0,3.32889931413181,13.13430777820623,0.0,0.0,2.83160036509617
2023-12-10,49,12,Dec,6,1,REAL SMARD 2023-12-10,0.05587249999999999,0.08542,0.21742,12.871609990632017,5.475957816718967,10.457922698376622,0.0,3.747053133159226,6.710869565217396,0.0,2.4136872922553945,10.994940177173719,1.1676499999999999,5.5,1.8766698134582978
2023-12-11,50,12,Dec,0,0,REAL SMARD 2023-12-11,0.07905291666666667,0.12264,0.25464,14.244865760430198,6.84921358651715,11.616991390941536,0.0,4.906121825724139,6.710869565217396,0.0,2.627874369488662,11.971560817612614,1.306305,5.5,2.2733049428175836
2023-12-12,50,12,Dec,1,0,REAL SMARD 2023-12-12,0.10606208333333333,0.14633000000000002,0.24993,17.812044922178863,10.416392748265814,14.68791107722074,0.0,7.977041512003348,6.710869565217393,0.0,3.1241338449581235,14.967912954395825,0.0,0.0,2.8441319677830386
2023-12-13,50,12,Dec,2,0,REAL SMARD 2023-12-13,0.09304083333333334,0.11015000000000001,0.24215000000000003,16.611767799333027,9.216115625419977,14.41558953412295,0.0,7.704719968905556,6.7108695652173935,0.0,2.1961782652100776,14.701976481709817,0.0,0.0,1.9097913176232097
2023-12-14,50,12,Dec,3,0,REAL SMARD 2023-12-14,0.10712375,0.13074000000000002,0.26058000000000003,17.605401931936722,10.209749758023674,14.778707615493444,0.0,8.06783805027605,6.7108695652173935,0.0,2.8266943164432785,14.917365936331858,0.0,0.0,2.6880359956048636
2023-12-15,50,12,Dec,4,0,REAL SMARD 2023-12-15,0.09323541666666668,0.1215,0.23632999999999998,16.677378658725114,9.281726484812065,14.315505790654129,0.0,7.6046362254367335,6.710869565217394,0.0,2.3618728680709857,14.539149983931537,0.0,0.0,2.1382286747935773
2023-12-16,50,12,Dec,5,1,REAL SMARD 2023-12-16,0.07069500000000001,0.08812,0.22012,14.526234898368767,7.130582724455718,12.14731383229083,0.0,5.436444267073437,6.710869565217393,0.0,2.378921066077936,12.506205733704505,1.2056587320644276,5.505638528392511,2.020029164664262
2023-12-17,50,12,Dec,6,1,REAL SMARD 2023-12-17,0.050717083333333336,0.07661,0.20861000000000002,12.532947458597675,5.137295284684627,10.240403636003716,0.0,3.5295340707863203,6.710869565217396,0.0,2.2925438225939594,10.775052981989107,1.072445,5.5,1.757894476608568
2023-12-18,51,12,Dec,0,0,REAL SMARD 2023-12-18,0.07797416666666668,0.10923999999999999,0.23621999999999999,14.407383614718492,7.011731440805444,12.025971842744726,0.0,5.315102277527333,6.710869565217393,0.0,2.3814117719737666,12.312050753595308,2.59842,11.0,2.0953328611231843
2023-12-19,51,12,Dec,1,0,REAL SMARD 2023-12-19,0.07628958333333334,0.1001,0.22381,14.340106734562191,6.944454560649142,12.297618343339764,0.0,5.586748778122367,6.710869565217396,0.0,2.0424883912224274,12.648253457333215,0.0,0.0,1.6918532772289758
2023-12-20,51,12,Dec,2,0,REAL SMARD 2023-12-20,0.06200500000000001,0.08184000000000001,0.21384000000000003,13.677788560867036,6.282136386953987,11.108999578496917,0.0,4.398130013279522,6.710869565217395,0.0,2.568788982370119,11.414004644627642,0.0,0.0,2.263783916239394
2023-12-21,51,12,Dec,3,0,REAL SMARD 2023-12-21,0.025347083333333336,0.048960000000000004,0.18049,9.949169035907321,2.553516861994273,7.216192084256703,0.0,0.5053225190393074,6.710869565217396,0.0,2.7329769516506177,7.781490542576441,1.1295134786441772,7.357125201365676,2.1676784933308797
2023-12-22,51,12,Dec,4,0,REAL SMARD 2023-12-22,0.022941666666666666,0.05036,0.18236000000000002,9.104854278393207,1.7092021044801582,7.684050838833048,0.0,0.9731812736156523,6.710869565217396,0.0,1.4208034395601583,7.887837131562589,2.883705,16.5,1.2170171468306181
2023-12-23,51,12,Dec,5,1,REAL SMARD 2023-12-23,0.03103125,0.06812,0.20012000000000002,10.049627589745228,2.6539754158321793,7.544418932851828,0.0,0.8335493676344334,6.710869565217394,0.0,2.5052086568933998,7.858287235523363,3.0434144302510493,15.460653031454193,2.1913403542218646
2023-12-24,51,12,Dec,6,1,REAL SMARD 2023-12-24,0.0010000000000000002,0.001,0.12995,7.501304347826092,0.10565217391304355,6.806739130434782,0.0,0.09586956521739129,6.710869565217391,0.0,0.6945652173913093,6.806739130434783,0.0,0.0,0.6945652173913084
2023-12-25,52,12,Dec,0,0,REAL SMARD 2023-12-25,0.0042425,0.02002,0.15202000000000002,7.691593828128733,0.2959416542156845,6.813176282742908,0.0,0.10230671752551174,6.710869565217396,0.0,0.8784175453858252,7.020313679245434,1.6722200000000003,11.0,0.6712801488832989
2023-12-26,52,12,Dec,1,0,REAL SMARD 2023-12-26,0.017718750000000002,0.05366,0.18566,9.003955317289371,1.6083031433763226,7.796283708695039,0.0,1.0854141434776454,6.710869565217394,0.0,1.2076716085943318,8.099210375032538,0.98637,5.5,0.9047449422568334
2023-12-27,52,12,Dec,2,0,REAL SMARD 2023-12-27,0.060839583333333336,0.08273,0.21232,12.77303486625474,5.3773826923416905,9.36828045822592,0.0,2.6574108930085254,6.710869565217394,0.0,3.40475440802882,9.785902654232602,2.182613315960465,10.292243074847544,2.9871322120221375
2023-12-28,52,12,Dec,3,0,REAL SMARD 2023-12-28,0.017182083333333337,0.04683,0.17883,8.384195921583169,0.9885437476701207,6.804252311218715,3.9342599999999996,0.6681720465684273,10.070340264650287,22.0,1.5799436103644542,7.357239772940544,3.86287,22.0,1.0269561486426246
2023-12-29,52,12,Dec,4,0,REAL SMARD 2023-12-29,0.006899166666666667,0.02659,0.15859,7.888472954992317,0.4928207810792686,6.938293160398547,0.0,0.22742359518115254,6.710869565217394,0.0,0.9501797945937707,7.459940338917273,2.0867278152257756,13.523643256060947,0.428532616075044
2023-12-30,52,12,Dec,5,1,REAL SMARD 2023-12-30,0.034055416666666664,0.08014,0.21214,10.294287432202424,2.8986352582893757,8.610621704293468,3.191385839512969,2.7939056152207575,9.00810192858568,15.043772223592763,1.6836657279089557,8.982351541258108,2.436072338088473,11.826437239905307,1.3119358909443157
2023-12-31,52,12,Dec,6,1,REAL SMARD 2023-12-31,0.01001875,0.036539999999999996,0.158,9.039532602047377,1.6438804281343278,6.964251515909387,0.0,0.2533819506919912,6.710869565217396,0.0,2.0752810861379896,7.313286644612475,0.869,5.5,1.7262459574349016
